panel,AD_cohort,PD_cohort,AD_accession,PD_accession,cell_class,matched_genes,spearman_rho,same_direction_fraction,permutation_p,bootstrap_B,median_rho,ci2_5,ci97_5,fraction_rho_gt0
A_B,AD174,PD243,GSE174367,GSE243639,Astro,15423.0,0.185300661679571,0.5779031316864424,9.999000099990002e-05,,,,,
A_B,AD174,PD243,GSE174367,GSE243639,Micro,14975.0,0.0547612374512236,0.527212020033389,9.999000099990002e-05,,,,,
A_B,AD174,PD243,GSE174367,GSE243639,OPC,14842.0,0.1516541279745936,0.5733054844360598,9.999000099990002e-05,,,,,
A_B,AD174,PD243,GSE174367,GSE243639,Oligo,14241.0,0.2530899281631158,0.6069096271329261,9.999000099990002e-05,,,,,
A_B,AD174,PD329,GSE174367,GSE329625,Astro,12766.0,-0.0289554167221572,0.4884850383832054,0.0015998400159984,,,,,
A_B,AD174,PD329,GSE174367,GSE329625,Micro,12849.0,0.0033416937780416,0.4965366954626819,0.7096290370962903,,,,,
A_B,AD174,PD329,GSE174367,GSE329625,OPC,12342.0,0.075893998541059,0.5294927888510776,9.999000099990002e-05,,,,,
A_B,AD174,PD329,GSE174367,GSE329625,Oligo,12158.0,0.0451715506048646,0.521385096232933,9.999000099990002e-05,,,,,
A_B,AD222,PD243,GSE222494,GSE243639,Astro,9803.0,0.315615556964746,0.5899214526165459,9.999000099990002e-05,,,,,
A_B,AD222,PD243,GSE222494,GSE243639,Micro,5131.0,0.1203719537182,0.5527187682712922,9.999000099990002e-05,,,,,
A_B,AD222,PD243,GSE222494,GSE243639,OPC,7475.0,0.217483525147288,0.5689632107023411,9.999000099990002e-05,,,,,
A_B,AD222,PD243,GSE222494,GSE243639,Oligo,11208.0,0.3908917679016623,0.6397216274089935,9.999000099990002e-05,,,,,
A_B,AD222,PD329,GSE222494,GSE329625,Astro,8999.0,-0.0871600977158617,0.4810534503833759,9.999000099990002e-05,,,,,
A_B,AD222,PD329,GSE222494,GSE329625,Micro,4931.0,0.0404692760669734,0.5179476779557899,0.0046995300469953,,,,,
A_B,AD222,PD329,GSE222494,GSE329625,OPC,6969.0,-0.0043655298402365,0.5085378103027695,0.7228277172282772,,,,,
A_B,AD222,PD329,GSE222494,GSE329625,Oligo,10045.0,-0.0401290044808269,0.4881035340965654,9.999000099990002e-05,,,,,
C,AD222,PD329,GSE222494,GSE329625,Astro,,,,,500.0,-0.0513998908096964,-0.1476427618780063,0.0591876484864259,0.212
C,AD222,PD329,GSE222494,GSE329625,Micro,,,,,500.0,0.016782969783654,-0.09765181889569,0.1303706235977175,0.628
C,AD222,PD329,GSE222494,GSE329625,OPC,,,,,500.0,-0.0037152463226789,-0.06080433874303,0.0523858426630563,0.44
C,AD222,PD329,GSE222494,GSE329625,Oligo,,,,,500.0,-0.0284772992946506,-0.1457308627148808,0.0874550008274772,0.302
