original_rank,gene,highest_expression_class,highest_median_CPM,n_donors_in_top_class,donor_detection_in_top_class,cell_detection_in_top_class,highest_donor_detection_class,max_donor_detection_fraction
1,SCAMP5,Rod,400.4725924313532,88.0,1.0,0.7055971045937856,Rod,1.0
2,XYLB,Amacrine cell,64.65381982342024,89.0,1.0,0.3132591093117409,Amacrine cell,1.0
3,RABEPK,Retinal ganglion cell,39.867725573413885,89.0,1.0,0.3565989847715736,Retinal ganglion cell,1.0
4,ITGAM,Microglia,137.73658565256557,68.0,0.9852941176470589,0.29666666666666663,Microglia,0.9852941176470589
5,CD38,Cone,99.55729235679328,83.0,1.0,0.45670995670995673,Cone,1.0
6,CTCF,Microglia,62.145943771612195,68.0,0.8970588235294118,0.1307911617961511,Horizontal cell,1.0
7,UBTD2,Horizontal cell,52.362937792485056,82.0,0.9878048780487805,0.2473113037881226,Retinal ganglion cell,1.0
8,NAPEPLD,Bipolar cell,141.61348133769047,89.0,1.0,0.4357612190689221,Bipolar cell,1.0
9,GAPDH,Horizontal cell,948.5617220368985,82.0,1.0,0.9601631765964053,Horizontal cell,1.0
10,STX1B,Amacrine cell,57.772791543481055,89.0,1.0,0.2991827637444279,Amacrine cell,1.0
11,NDUFB10,Horizontal cell,32.37861259852733,82.0,0.9878048780487805,0.17901891326932945,Amacrine cell,1.0
12,NT5C,Microglia,48.81027523893836,68.0,0.9117647058823529,0.14354395604395603,Retinal ganglion cell,1.0
13,NPEPL1,Microglia,37.94691031233772,68.0,0.8823529411764706,0.09600614439324116,Retinal ganglion cell,1.0
14,BPHL,Amacrine cell,21.727917372640793,89.0,1.0,0.12601214574898786,Amacrine cell,1.0
15,PURB,Rod,47.74650886549445,88.0,0.9886363636363636,0.14854517702881037,Bipolar cell,1.0
16,OXLD1,Rod,12.210257909152048,88.0,0.9772727272727273,0.04146878537462635,Amacrine cell,1.0
17,PSMC3,Horizontal cell,16.805590479234716,82.0,0.975609756097561,0.11160850535501388,Retinal ganglion cell,1.0
18,LINGO1,Horizontal cell,84.61570156025107,82.0,1.0,0.4107947796519935,Horizontal cell,1.0
19,SRP14,Horizontal cell,150.13880692505342,82.0,1.0,0.5062935208356001,Horizontal cell,1.0
20,PTGES2,Amacrine cell,28.40034752751791,89.0,1.0,0.1753846153846154,Amacrine cell,1.0
