gene,retinal_cell_class,original_rank,n_donors,median_CPM,q25_CPM,q75_CPM,donor_detection_fraction,median_cell_detection_fraction,total_cells
SCAMP5,Amacrine cell,1,89.0,129.08056375020962,115.69276351975371,139.02649766142602,1.0,0.5209003215434084,485681.0
SCAMP5,Astrocyte,1,68.0,32.189812544941496,22.47987129749304,41.66640264549264,0.9558823529411765,0.13706685610545427,10789.0
SCAMP5,Bipolar cell,1,89.0,116.81228910430339,102.52267505879036,132.48705003242097,1.0,0.3838120104438642,583095.0
SCAMP5,Cone,1,83.0,202.30352453870015,166.56130868252058,229.48028042571724,1.0,0.7204968944099379,110829.0
SCAMP5,Endothelial,1,,,,,,,
SCAMP5,Horizontal cell,1,82.0,80.23586487044963,70.99244209215298,91.07807393733971,1.0,0.4095516077119687,64116.0
SCAMP5,Microglia,1,68.0,26.0829040088632,13.034576906937627,38.03975887320818,0.8382352941176471,0.06451612903225806,4275.0
SCAMP5,Muller glia,1,86.0,22.833224141419304,18.155478459526915,27.958505625708124,0.9883720930232558,0.08917719226876748,193241.0
SCAMP5,Other immune,1,,,,,,,
SCAMP5,Pericyte/mural,1,,,,,,,
SCAMP5,RPE,1,20.0,38.54887611652154,15.286533010414916,68.47510744748799,0.85,0.13884430176565007,745.0
SCAMP5,Retinal ganglion cell,1,89.0,129.37862376538297,116.56434566604561,150.67020857050392,1.0,0.7821782178217822,382362.0
SCAMP5,Rod,1,88.0,400.4725924313532,329.30097438267876,459.855491058657,1.0,0.7055971045937856,909275.0
XYLB,Amacrine cell,2,89.0,64.65381982342024,55.67733540645486,73.77082828582031,1.0,0.3132591093117409,485681.0
XYLB,Astrocyte,2,68.0,22.45418066964942,16.802968159468147,30.266136629965203,0.9264705882352942,0.08719410786410073,10789.0
XYLB,Bipolar cell,2,89.0,39.25348433872497,31.418816224947747,46.48963617958721,1.0,0.15243866215172577,583095.0
XYLB,Cone,2,83.0,9.327299606854321,7.0345472209905395,13.707592802820216,1.0,0.061293031066330814,110829.0
XYLB,Endothelial,2,,,,,,,
XYLB,Horizontal cell,2,82.0,37.15282173709893,28.91412326116512,45.99552901535964,0.975609756097561,0.1845158058477682,64116.0
XYLB,Microglia,2,68.0,31.929242107909275,14.986874198856855,52.20639782786129,0.8529411764705882,0.08558352402745995,4275.0
XYLB,Muller glia,2,86.0,13.360595578115575,9.189214460877974,16.895590294467922,0.9418604651162791,0.051765004688365646,193241.0
XYLB,Other immune,2,,,,,,,
XYLB,Pericyte/mural,2,,,,,,,
XYLB,RPE,2,20.0,21.36547482574271,0.0,40.109671211997224,0.7,0.11326834104428288,745.0
XYLB,Retinal ganglion cell,2,89.0,52.08465462598167,46.02902079884719,60.71540942342484,1.0,0.4642857142857143,382362.0
XYLB,Rod,2,88.0,38.306998316224764,31.86237558023198,52.43068625417294,0.9886363636363636,0.12051238590025144,909275.0
RABEPK,Amacrine cell,3,89.0,32.538550708688334,26.68761725970239,38.44917066876588,1.0,0.1860036832412523,485681.0
RABEPK,Astrocyte,3,68.0,27.020199475912953,20.02794605788909,32.252884236451195,0.9264705882352942,0.10559012404770451,10789.0
RABEPK,Bipolar cell,3,89.0,26.3685330127392,22.113717581290025,32.896459818235364,0.9887640449438202,0.10913844470116131,583095.0
RABEPK,Cone,3,83.0,24.744804474803306,21.319609448157546,30.22964182861248,1.0,0.16594360086767895,110829.0
RABEPK,Endothelial,3,,,,,,,
RABEPK,Horizontal cell,3,82.0,22.704957123169635,18.099067940205803,27.93726243284508,0.975609756097561,0.11970829535095714,64116.0
RABEPK,Microglia,3,68.0,18.618347061967544,7.8954455713613365,25.31987491747718,0.8235294117647058,0.04640396210163652,4275.0
RABEPK,Muller glia,3,86.0,14.71581965270959,10.95193066708915,18.023000912350312,0.9767441860465116,0.05513429290406762,193241.0
RABEPK,Other immune,3,,,,,,,
RABEPK,Pericyte/mural,3,,,,,,,
RABEPK,RPE,3,20.0,16.43926991591839,5.96480629614142,23.88492654361098,0.8,0.07513227513227513,745.0
RABEPK,Retinal ganglion cell,3,89.0,39.867725573413885,30.244691598164266,43.80508263625039,1.0,0.3565989847715736,382362.0
RABEPK,Rod,3,88.0,24.275345090461613,18.699592983928547,29.9515645839201,0.9772727272727273,0.07596200491369731,909275.0
ITGAM,Amacrine cell,4,89.0,0.1931996430443395,0.14585918801393372,0.2761284853455161,0.9438202247191011,0.0013568521031207597,485681.0
ITGAM,Astrocyte,4,68.0,0.0,0.0,0.0,0.1323529411764706,0.0,10789.0
ITGAM,Bipolar cell,4,89.0,0.15000549395121598,0.07756095913278162,0.22671859353760188,0.8202247191011236,0.0007336757153338225,583095.0
ITGAM,Cone,4,83.0,0.1423722298219991,0.0,0.23722142609840222,0.6626506024096386,0.001021972406745018,110829.0
ITGAM,Endothelial,4,,,,,,,
ITGAM,Horizontal cell,4,82.0,0.15048701628832822,0.0,0.38795455624213354,0.5609756097560976,0.0007330641332198358,64116.0
ITGAM,Microglia,4,68.0,137.73658565256557,95.67916596676099,173.1058889264579,0.9852941176470589,0.29666666666666663,4275.0
ITGAM,Muller glia,4,86.0,0.18330704144390716,0.0,0.27715393459873355,0.6976744186046512,0.0007899171382537496,193241.0
ITGAM,Other immune,4,,,,,,,
ITGAM,Pericyte/mural,4,,,,,,,
ITGAM,RPE,4,20.0,0.0,0.0,0.0,0.1,0.0,745.0
ITGAM,Retinal ganglion cell,4,89.0,0.18719519941655,0.13661454138839993,0.306873914305664,0.8764044943820225,0.002380952380952381,382362.0
ITGAM,Rod,4,88.0,0.16335508117874367,0.08657026365672588,0.2241242467365498,0.7840909090909091,0.0006236751478860523,909275.0
CD38,Amacrine cell,5,89.0,0.42427488479636677,0.25699135339741924,0.6695076106277639,0.9325842696629213,0.0025547445255474453,485681.0
CD38,Astrocyte,5,68.0,0.0,0.0,1.2136054767960642,0.38235294117647056,0.0,10789.0
CD38,Bipolar cell,5,89.0,0.30021414274802216,0.19263077692743893,0.541687105480394,0.9101123595505618,0.0014492753623188406,583095.0
CD38,Cone,5,83.0,99.55729235679328,66.95289460554258,147.35864017992031,1.0,0.45670995670995673,110829.0
CD38,Endothelial,5,,,,,,,
CD38,Horizontal cell,5,82.0,0.20770142077869885,0.0,0.45938530860142385,0.6219512195121951,0.0012711379334808099,64116.0
CD38,Microglia,5,68.0,0.0,0.0,5.158403709676888,0.3235294117647059,0.0,4275.0
CD38,Muller glia,5,86.0,0.6257723507959168,0.3201130297440472,0.9686261646788356,0.8604651162790697,0.002689809041408944,193241.0
CD38,Other immune,5,,,,,,,
CD38,Pericyte/mural,5,,,,,,,
CD38,RPE,5,20.0,0.0,0.0,0.0,0.15,0.0,745.0
CD38,Retinal ganglion cell,5,89.0,0.44900564332742815,0.2979263325141172,0.8087029133103125,0.9101123595505618,0.006237816764132553,382362.0
CD38,Rod,5,88.0,0.4846967676389673,0.3154666810453971,0.7555081799411846,0.8863636363636364,0.001882335096298246,909275.0
CTCF,Amacrine cell,6,89.0,45.337459527618314,39.29073876330572,50.21595242525936,1.0,0.2339930151338766,485681.0
CTCF,Astrocyte,6,68.0,42.890226012333,33.48584579615681,54.99109416682195,0.9705882352941176,0.16699867197875165,10789.0
CTCF,Bipolar cell,6,89.0,45.86190594366015,40.46324100166196,49.766067982968664,1.0,0.17607717041800644,583095.0
CTCF,Cone,6,83.0,31.02562632228624,26.789601817455306,37.67265528272732,1.0,0.2061890346451396,110829.0
CTCF,Endothelial,6,,,,,,,
CTCF,Horizontal cell,6,82.0,56.26126659168868,49.8680951733973,64.78671546928435,1.0,0.28055568631142913,64116.0
CTCF,Microglia,6,68.0,62.145943771612195,41.234560476337435,83.57230638213117,0.8970588235294118,0.1307911617961511,4275.0
CTCF,Muller glia,6,86.0,33.16225867776194,29.619796023293947,39.29157599208373,0.9883720930232558,0.12914997397756017,193241.0
CTCF,Other immune,6,,,,,,,
CTCF,Pericyte/mural,6,,,,,,,
CTCF,RPE,6,20.0,44.78259357292862,12.857981948970625,57.98272428172689,0.85,0.14732142857142858,745.0
CTCF,Retinal ganglion cell,6,89.0,31.355060598034648,26.833170907734242,35.04513695402387,1.0,0.3071104387291982,382362.0
CTCF,Rod,6,88.0,44.6079123271269,37.839551705114474,49.99549193752025,1.0,0.1390053655381348,909275.0
UBTD2,Amacrine cell,7,89.0,17.019684298228878,14.507463802714478,19.56346677737854,1.0,0.09230769230769231,485681.0
UBTD2,Astrocyte,7,68.0,45.10844254837794,33.407457172318445,60.33023986497169,0.9558823529411765,0.14763881681370006,10789.0
UBTD2,Bipolar cell,7,89.0,31.695635108069325,26.07072882318592,35.26793530976742,0.9775280898876404,0.11663807890222985,583095.0
UBTD2,Cone,7,83.0,31.610336424294797,26.657836571753172,37.25534312359255,0.9879518072289156,0.19230769230769232,110829.0
UBTD2,Endothelial,7,,,,,,,
UBTD2,Horizontal cell,7,82.0,52.362937792485056,44.29066334259175,59.42796567421331,0.9878048780487805,0.2473113037881226,64116.0
UBTD2,Microglia,7,68.0,26.844729110128092,18.546978094439435,39.101941437759514,0.8823529411764706,0.06504494976203068,4275.0
UBTD2,Muller glia,7,86.0,44.4629369032957,37.40394002374897,54.89295877196357,0.9883720930232558,0.16015267175572517,193241.0
UBTD2,Other immune,7,,,,,,,
UBTD2,Pericyte/mural,7,,,,,,,
UBTD2,RPE,7,20.0,30.01537984714558,9.658933072744837,39.841664437825514,0.8,0.0976890756302521,745.0
UBTD2,Retinal ganglion cell,7,89.0,25.8465807508172,21.733909252558377,30.34665591990425,1.0,0.25682568256825683,382362.0
UBTD2,Rod,7,88.0,23.2768501981518,19.533486412771,28.025236154286524,0.9886363636363636,0.07285638103791856,909275.0
NAPEPLD,Amacrine cell,8,89.0,76.12440882963494,68.78304601049805,81.67374130951526,1.0,0.34375,485681.0
NAPEPLD,Astrocyte,8,68.0,42.56977601886258,34.42391824263934,54.96791445946034,0.9705882352941176,0.1689497716894977,10789.0
NAPEPLD,Bipolar cell,8,89.0,141.61348133769047,129.2952647510686,153.29670913556012,1.0,0.4357612190689221,583095.0
NAPEPLD,Cone,8,83.0,80.50651233536178,72.1101014041318,88.73969781470265,1.0,0.44038623005877414,110829.0
NAPEPLD,Endothelial,8,,,,,,,
NAPEPLD,Horizontal cell,8,82.0,91.95095394993989,80.70381479052844,108.55206106061728,1.0,0.41976792395091955,64116.0
NAPEPLD,Microglia,8,68.0,14.857751347506465,6.1176495372773685,29.594653044146174,0.7794117647058824,0.043004945028565944,4275.0
NAPEPLD,Muller glia,8,86.0,39.00960748456053,32.383455669287244,49.70423382339927,0.9767441860465116,0.1461987088141088,193241.0
NAPEPLD,Other immune,8,,,,,,,
NAPEPLD,Pericyte/mural,8,,,,,,,
NAPEPLD,RPE,8,20.0,43.975518881987995,21.682958053840387,64.5906546580478,0.85,0.14955357142857142,745.0
NAPEPLD,Retinal ganglion cell,8,89.0,79.91365383264814,71.78016869218584,92.62420352406406,1.0,0.6081943081452404,382362.0
NAPEPLD,Rod,8,88.0,52.41930016081639,46.41216819635283,56.83385518978301,0.9886363636363636,0.15652664184073875,909275.0
GAPDH,Amacrine cell,9,89.0,389.3879208526726,181.00121207212422,719.3165671025489,1.0,0.8125,485681.0
GAPDH,Astrocyte,9,68.0,540.8870547210227,284.2674739366336,947.6366581580247,1.0,0.7787604734672164,10789.0
GAPDH,Bipolar cell,9,89.0,385.5173169453948,192.30119388940733,694.9905810487041,1.0,0.7561497326203208,583095.0
GAPDH,Cone,9,83.0,216.1645554160308,132.90551807382482,367.92790216746926,1.0,0.7407407407407407,110829.0
GAPDH,Endothelial,9,,,,,,,
GAPDH,Horizontal cell,9,82.0,948.5617220368985,445.5348264505461,1629.0133656694838,1.0,0.9601631765964053,64116.0
GAPDH,Microglia,9,68.0,495.8350845598694,247.30073779870978,765.5881827170871,1.0,0.6510869565217392,4275.0
GAPDH,Muller glia,9,86.0,506.82388248916845,315.1865595647967,734.2794126894661,1.0,0.7782855982124721,193241.0
GAPDH,Other immune,9,,,,,,,
GAPDH,Pericyte/mural,9,,,,,,,
GAPDH,RPE,9,20.0,404.11693727194483,182.85743145707923,571.308111398055,1.0,0.6425061425061425,745.0
GAPDH,Retinal ganglion cell,9,89.0,307.11087459459594,175.17403661093934,710.8369247957233,1.0,0.9479289940828403,382362.0
GAPDH,Rod,9,88.0,384.4691487878329,216.89434837861097,597.402998549356,1.0,0.6915432631211604,909275.0
STX1B,Amacrine cell,10,89.0,57.772791543481055,47.726328243322016,70.88741979459772,1.0,0.2991827637444279,485681.0
STX1B,Astrocyte,10,68.0,12.948940637316127,9.058096954407537,17.49086872470528,0.9705882352941176,0.05367419212040726,10789.0
STX1B,Bipolar cell,10,89.0,5.346946083120519,3.7408567933704306,7.459954356944074,0.9775280898876404,0.022984377805710183,583095.0
STX1B,Cone,10,83.0,2.0558502559790552,1.111567437728505,2.6910188876447596,0.9879518072289156,0.013541134389371486,110829.0
STX1B,Endothelial,10,,,,,,,
STX1B,Horizontal cell,10,82.0,31.287545890624088,26.99299674098487,36.82336624568742,1.0,0.18863450168293672,64116.0
STX1B,Microglia,10,68.0,3.242448147640567,0.0,8.748081832906406,0.5441176470588235,0.009965803615046408,4275.0
STX1B,Muller glia,10,86.0,5.010160373615688,3.373263475648865,6.2440304537116855,0.9651162790697675,0.01968455042225534,193241.0
STX1B,Other immune,10,,,,,,,
STX1B,Pericyte/mural,10,,,,,,,
STX1B,RPE,10,20.0,1.3073877869062498,0.0,4.329487937180194,0.5,0.004761904761904762,745.0
STX1B,Retinal ganglion cell,10,89.0,54.43679859182547,46.86845835461778,62.11737069822249,1.0,0.5057471264367817,382362.0
STX1B,Rod,10,88.0,3.1073923200796,1.5016506921882384,4.790715267475562,0.9772727272727273,0.010142970365013623,909275.0
NDUFB10,Amacrine cell,11,89.0,27.55003026479469,16.696337449676193,44.77551887546441,1.0,0.15729089563286455,485681.0
NDUFB10,Astrocyte,11,68.0,24.92212892984205,8.493104898143361,39.931954067970125,0.9117647058823529,0.09756167527251865,10789.0
NDUFB10,Bipolar cell,11,89.0,24.951594993144145,16.672878857826287,38.60762312481691,1.0,0.10317991123001155,583095.0
NDUFB10,Cone,11,83.0,14.714854419153761,8.187928048909091,22.296973801693348,1.0,0.0945945945945946,110829.0
NDUFB10,Endothelial,11,,,,,,,
NDUFB10,Horizontal cell,11,82.0,32.37861259852733,21.6556265115751,53.63516004539802,0.9878048780487805,0.17901891326932945,64116.0
NDUFB10,Microglia,11,68.0,23.891286237004696,4.2089214634567895,40.25660246473096,0.7794117647058824,0.06264337156575087,4275.0
NDUFB10,Muller glia,11,86.0,15.999118907712607,9.846203826007025,24.932165417945427,0.9534883720930233,0.06339412801056414,193241.0
NDUFB10,Other immune,11,,,,,,,
NDUFB10,Pericyte/mural,11,,,,,,,
NDUFB10,RPE,11,20.0,23.80401480746675,9.04394817801358,62.041266982177966,0.85,0.10238095238095238,745.0
NDUFB10,Retinal ganglion cell,11,89.0,20.474055324706615,11.59600960577896,41.979036463938655,1.0,0.2119558154645874,382362.0
NDUFB10,Rod,11,88.0,24.71317034929897,15.50791804505154,39.24193952693677,1.0,0.08066510016709531,909275.0
NT5C,Amacrine cell,12,89.0,21.33163331468192,16.68194793212377,27.65750202680441,1.0,0.12838427947598252,485681.0
NT5C,Astrocyte,12,68.0,40.232674819562455,25.51062203357364,50.80515939249833,0.9558823529411765,0.15266990291262134,10789.0
NT5C,Bipolar cell,12,89.0,36.75673291455163,25.243122826724893,48.847757891421956,1.0,0.15510494485948062,583095.0
NT5C,Cone,12,83.0,33.27820922485542,21.90235304632781,48.81753824492738,1.0,0.2205128205128205,110829.0
NT5C,Endothelial,12,,,,,,,
NT5C,Horizontal cell,12,82.0,31.75612413477605,22.791630193933614,37.811417239963696,1.0,0.1776541789545322,64116.0
NT5C,Microglia,12,68.0,48.81027523893836,29.498272845828723,77.30459335738209,0.9117647058823529,0.14354395604395603,4275.0
NT5C,Muller glia,12,86.0,18.036463374109076,13.636608287798579,26.31082332616197,0.9767441860465116,0.07787040545661236,193241.0
NT5C,Other immune,12,,,,,,,
NT5C,Pericyte/mural,12,,,,,,,
NT5C,RPE,12,20.0,11.547428796641316,2.97738379271057,20.712213550839426,0.75,0.05083655083655084,745.0
NT5C,Retinal ganglion cell,12,89.0,40.82990296293763,31.522616813090018,52.712114308247266,1.0,0.4032723772858518,382362.0
NT5C,Rod,12,88.0,39.99962272568635,29.93528635375703,51.88029020719328,0.9886363636363636,0.13059950007050963,909275.0
NPEPL1,Amacrine cell,13,89.0,10.3382626589946,8.190330168589755,14.327558575969466,1.0,0.06767515923566879,485681.0
NPEPL1,Astrocyte,13,68.0,29.133774627523927,21.386254128033034,37.35266386073127,0.9411764705882353,0.12539308176100628,10789.0
NPEPL1,Bipolar cell,13,89.0,14.570478984543414,10.64435276386881,18.82637793126379,0.9775280898876404,0.06750421901368836,583095.0
NPEPL1,Cone,13,83.0,11.68839284148876,8.712105105371306,14.484288911827123,0.9879518072289156,0.08837209302325581,110829.0
NPEPL1,Endothelial,13,,,,,,,
NPEPL1,Horizontal cell,13,82.0,11.648563548012223,8.087920295333735,15.068412465478264,1.0,0.06876361991694421,64116.0
NPEPL1,Microglia,13,68.0,37.94691031233772,23.107165125457414,50.33975873486197,0.8823529411764706,0.09600614439324116,4275.0
NPEPL1,Muller glia,13,86.0,21.871478372819073,16.061490060490208,28.901936913817334,0.9651162790697675,0.09518906356555759,193241.0
NPEPL1,Other immune,13,,,,,,,
NPEPL1,Pericyte/mural,13,,,,,,,
NPEPL1,RPE,13,20.0,19.628128615214713,11.972562376989398,38.83191140018667,0.85,0.09009740259740259,745.0
NPEPL1,Retinal ganglion cell,13,89.0,18.184027494744655,14.93736142407807,22.2004450974399,1.0,0.23471179945712917,382362.0
NPEPL1,Rod,13,88.0,6.327756420678467,4.600473248037692,8.68738733717788,0.9772727272727273,0.024436948357717828,909275.0
BPHL,Amacrine cell,14,89.0,21.727917372640793,19.64106509816002,24.904959049629223,1.0,0.12601214574898786,485681.0
BPHL,Astrocyte,14,68.0,16.24918098146137,9.539078781687529,20.90704305183375,0.8970588235294118,0.06305212014134276,10789.0
BPHL,Bipolar cell,14,89.0,12.755019281140417,10.45631509904468,15.235132383620634,0.9887640449438202,0.05370843989769821,583095.0
BPHL,Cone,14,83.0,15.62728538074476,12.152843485650402,19.685074701917788,1.0,0.10496850944716585,110829.0
BPHL,Endothelial,14,,,,,,,
BPHL,Horizontal cell,14,82.0,16.960249939371884,14.19015489562891,19.772449996909092,0.975609756097561,0.09193130707373587,64116.0
BPHL,Microglia,14,68.0,12.964808514110182,0.0,22.0924173236312,0.7205882352941176,0.03265847992034517,4275.0
BPHL,Muller glia,14,86.0,12.846974956991724,10.761213452991965,14.84355314858234,0.9651162790697675,0.053872677055138665,193241.0
BPHL,Other immune,14,,,,,,,
BPHL,Pericyte/mural,14,,,,,,,
BPHL,RPE,14,20.0,5.393074232838748,0.0,11.558030430241175,0.6,0.021326013513513514,745.0
BPHL,Retinal ganglion cell,14,89.0,15.373299529960697,13.320071763874333,17.17446585727413,1.0,0.1796157059314954,382362.0
BPHL,Rod,14,88.0,6.271417373899897,4.592434947410211,7.415859894725283,0.9431818181818182,0.022980433497405986,909275.0
PURB,Amacrine cell,15,89.0,30.63331701374427,22.516724054386472,44.98675828048753,1.0,0.1612225405921681,485681.0
PURB,Astrocyte,15,68.0,35.97440344870604,27.416790332299033,48.92939902995762,0.9852941176470589,0.14371772805507743,10789.0
PURB,Bipolar cell,15,89.0,44.254003491184164,33.99270238484711,58.85966584357379,1.0,0.17441591487393013,583095.0
PURB,Cone,15,83.0,33.888382904311676,27.432117069147864,41.339778283525526,1.0,0.21568627450980393,110829.0
PURB,Endothelial,15,,,,,,,
PURB,Horizontal cell,15,82.0,44.079696627640246,36.73772490986929,52.15420328402808,1.0,0.23824266548724754,64116.0
PURB,Microglia,15,68.0,29.159886728610267,18.383422733266777,42.25242030793071,0.8529411764705882,0.07442280783582089,4275.0
PURB,Muller glia,15,86.0,28.547842732722984,22.97369688194024,37.87797098259611,0.9767441860465116,0.11425731910959405,193241.0
PURB,Other immune,15,,,,,,,
PURB,Pericyte/mural,15,,,,,,,
PURB,RPE,15,20.0,22.738022755981266,6.919053227507694,37.19552976381357,0.75,0.10119047619047619,745.0
PURB,Retinal ganglion cell,15,89.0,20.205901137572027,16.916552130084085,23.201577905108515,1.0,0.22535211267605634,382362.0
PURB,Rod,15,88.0,47.74650886549445,38.65343142291884,58.32931281659715,0.9886363636363636,0.14854517702881037,909275.0
OXLD1,Amacrine cell,16,89.0,8.170713103981644,5.312465539404409,11.759897033623405,1.0,0.05531914893617021,485681.0
OXLD1,Astrocyte,16,68.0,8.144545935063338,4.53674917027165,13.266413610650087,0.8823529411764706,0.037875683060109286,10789.0
OXLD1,Bipolar cell,16,89.0,6.970533892174383,4.928361723074577,9.845073599261976,0.9438202247191011,0.033377086067879244,583095.0
OXLD1,Cone,16,83.0,6.05386949284357,4.4771555523487105,8.485570840765396,0.9879518072289156,0.047779022023142964,110829.0
OXLD1,Endothelial,16,,,,,,,
OXLD1,Horizontal cell,16,82.0,8.736357981401675,5.8474119126715225,12.768110782973793,0.9634146341463414,0.057161854103343464,64116.0
OXLD1,Microglia,16,68.0,7.423411994290095,0.0,18.621990659434847,0.6029411764705882,0.019746066365477488,4275.0
OXLD1,Muller glia,16,86.0,8.424637873833408,5.654603314615429,12.462443831341428,0.9534883720930233,0.03428010376452116,193241.0
OXLD1,Other immune,16,,,,,,,
OXLD1,Pericyte/mural,16,,,,,,,
OXLD1,RPE,16,20.0,10.144757797538226,0.0,12.59958254349235,0.7,0.04195601851851852,745.0
OXLD1,Retinal ganglion cell,16,89.0,8.001221558199715,5.2710969323511545,11.087545192260711,1.0,0.0891566265060241,382362.0
OXLD1,Rod,16,88.0,12.210257909152048,9.1577925827092,16.468271919397573,0.9772727272727273,0.04146878537462635,909275.0
PSMC3,Amacrine cell,17,89.0,12.125784461061308,8.295635177931857,18.06830691522604,1.0,0.075,485681.0
PSMC3,Astrocyte,17,68.0,14.478880072647819,8.113304852153803,21.09044464884239,0.8823529411764706,0.06350806451612903,10789.0
PSMC3,Bipolar cell,17,89.0,14.056724353948319,8.865018185753712,20.13952974499636,0.9887640449438202,0.056113697623131585,583095.0
PSMC3,Cone,17,83.0,8.564376863725194,6.419543591354451,12.983588776991269,1.0,0.06598984771573604,110829.0
PSMC3,Endothelial,17,,,,,,,
PSMC3,Horizontal cell,17,82.0,16.805590479234716,12.952300204201615,28.69189909389404,0.975609756097561,0.11160850535501388,64116.0
PSMC3,Microglia,17,68.0,10.466677703822306,0.0,19.520226798033388,0.6764705882352942,0.03343889716840537,4275.0
PSMC3,Muller glia,17,86.0,10.542178411071266,7.630862889547579,16.03234184161127,0.9767441860465116,0.04348406197596616,193241.0
PSMC3,Other immune,17,,,,,,,
PSMC3,Pericyte/mural,17,,,,,,,
PSMC3,RPE,17,20.0,10.637967725503493,3.1873424257588265,20.30388055368387,0.75,0.05046452702702703,745.0
PSMC3,Retinal ganglion cell,17,89.0,14.598726626070041,9.193344644407297,24.021801918017406,1.0,0.15780445969125215,382362.0
PSMC3,Rod,17,88.0,12.555246235371083,8.46622694215187,17.99924562737507,0.9886363636363636,0.040478925985786146,909275.0
LINGO1,Amacrine cell,18,89.0,47.22195146506263,40.947706070876,54.09828223365607,1.0,0.2477320307048151,485681.0
LINGO1,Astrocyte,18,68.0,8.557635129281152,5.108296253428442,12.036269963806891,0.8970588235294118,0.041006468458845174,10789.0
LINGO1,Bipolar cell,18,89.0,19.76655647265552,17.512491660301293,23.231472584968483,0.9775280898876404,0.0838410211778358,583095.0
LINGO1,Cone,18,83.0,8.90446448189614,6.592128916798064,11.509388041353821,0.9879518072289156,0.06633081444164568,110829.0
LINGO1,Endothelial,18,,,,,,,
LINGO1,Horizontal cell,18,82.0,84.61570156025107,74.09363456583124,99.73086221171344,1.0,0.4107947796519935,64116.0
LINGO1,Microglia,18,68.0,5.983614946378559,0.0,15.434352928205813,0.6029411764705882,0.01818181818181818,4275.0
LINGO1,Muller glia,18,86.0,13.790466531194618,11.827904714197278,19.32893401625167,0.9534883720930233,0.062034580303674744,193241.0
LINGO1,Other immune,18,,,,,,,
LINGO1,Pericyte/mural,18,,,,,,,
LINGO1,RPE,18,20.0,0.5312237376264711,0.0,10.533192665337,0.5,0.00510204081632653,745.0
LINGO1,Retinal ganglion cell,18,89.0,55.955360523538154,49.72769306537757,64.98723457619863,1.0,0.5079928952042628,382362.0
LINGO1,Rod,18,88.0,20.238892738998725,16.828408346869892,25.787164966108108,0.9772727272727273,0.06871997344492739,909275.0
SRP14,Amacrine cell,19,89.0,92.02268131315455,56.11861229895507,169.79045792473005,1.0,0.39476885644768855,485681.0
SRP14,Astrocyte,19,68.0,90.44177200631383,48.25402835691952,157.21291863993662,0.9852941176470589,0.24281842818428184,10789.0
SRP14,Bipolar cell,19,89.0,115.10108595823861,77.18913912055841,182.7579907316994,1.0,0.35759860788863107,583095.0
SRP14,Cone,19,83.0,63.467209806490466,37.18487770968109,96.94606983514534,1.0,0.34285714285714286,110829.0
SRP14,Endothelial,19,,,,,,,
SRP14,Horizontal cell,19,82.0,150.13880692505342,83.50484847630227,235.77175855790557,1.0,0.5062935208356001,64116.0
SRP14,Microglia,19,68.0,88.3890117712692,51.52602335807141,151.28974967837672,0.9852941176470589,0.19765625,4275.0
SRP14,Muller glia,19,86.0,90.56219793433175,57.76800996580868,128.34762669997727,1.0,0.272884918480755,193241.0
SRP14,Other immune,19,,,,,,,
SRP14,Pericyte/mural,19,,,,,,,
SRP14,RPE,19,20.0,54.12565380337276,32.46410477234056,92.30613203788687,0.9,0.1844822350440328,745.0
SRP14,Retinal ganglion cell,19,89.0,51.10597202799797,27.161706708403447,93.51770875955067,1.0,0.4269340974212034,382362.0
SRP14,Rod,19,88.0,105.82860992915695,72.20526831640612,159.8927142723376,1.0,0.26158057301031074,909275.0
PTGES2,Amacrine cell,20,89.0,28.40034752751791,23.478946483290635,36.45574010407292,1.0,0.1753846153846154,485681.0
PTGES2,Astrocyte,20,68.0,18.448659018231297,12.39144162905868,22.61940211129592,0.9117647058823529,0.08438411709439747,10789.0
PTGES2,Bipolar cell,20,89.0,18.88169623964452,15.722528811534048,23.409420342220812,0.9887640449438202,0.08768779553480577,583095.0
PTGES2,Cone,20,83.0,16.309317362791965,12.816070259635602,22.02309998216591,1.0,0.12131392310563643,110829.0
PTGES2,Endothelial,20,,,,,,,
PTGES2,Horizontal cell,20,82.0,22.48855026364446,18.001436996395643,31.06204059081982,1.0,0.13621733588272786,64116.0
PTGES2,Microglia,20,68.0,20.6106281871731,12.10437935082109,30.162129494664665,0.7794117647058824,0.05607966457023061,4275.0
PTGES2,Muller glia,20,86.0,9.627575168738094,7.365825517769163,13.347049472089832,0.9302325581395349,0.04220851924265971,193241.0
PTGES2,Other immune,20,,,,,,,
PTGES2,Pericyte/mural,20,,,,,,,
PTGES2,RPE,20,20.0,12.5337246573838,0.0,16.935963209965838,0.6,0.0703125,745.0
PTGES2,Retinal ganglion cell,20,89.0,20.921562074986294,16.561194212503217,25.43207511188691,1.0,0.22467631378522468,382362.0
PTGES2,Rod,20,88.0,21.322257793085047,15.741307955959373,26.024220023296582,0.9886363636363636,0.07213098639281337,909275.0
