accession,gene,AD_mean,NC_mean,FC_AD_over_NC,p_value,direction,log2FC_signed
Q9Y2V2,CARHSP1,262.44,153.78,1.71,8.643e-05,up,0.7739963251111731
P42226,STAT6,126.47,99.89,1.27,9.612e-05,up,0.34482849699744117
Q15170,TCEAL1,121.35,76.26,1.59,0.0003,up,0.6690267655096307
Q5TZF3,ANKRD45,22.38,14.49,1.54,0.00032,up,0.6229303509201767
Q14012,CAMK1,143.38,108.58,1.32,0.00032,up,0.4005379295837288
P08138,NGFR,40.44,24.72,1.64,0.00065,up,0.7136958148433589
P18085,ARF4,883.54,645.81,1.37,0.00065,up,0.45417589318580215
Q9BQI0,AIF1L,231.24,162.04,1.43,0.00066,up,0.5160151470036647
Q96CW6,SLC7A6OS,55.22,35.09,1.57,0.0007,up,0.6507645591169023
Q04828,AKR1C1,400.78,269.55,1.49,0.00074,up,0.5753123306874368
P32019,INPP5B,15.26,9.54,1.6,0.0008,up,0.6780719051126377
H3BUF6,ATXN2L,30.04,21.65,1.39,0.0008,up,0.47508488294878265
G3V1A6,GSDMD,31.58,15.62,2.02,0.0009,up,1.01435529297707
Q16222,UAP1,14.51,9.33,1.55,0.00099,up,0.632268215499513
Q13303,KCNAB2,122.11,83.92,1.46,0.001,up,0.5459683691052925
Q13018,PLA2R1,154.38,127.41,1.21,0.00112,up,0.27500704749986976
P30622,CLIP1,1073.32,883.48,1.21,0.00124,up,0.27500704749986976
Q01581,HMGCS1,123.62,90.34,1.37,0.00126,up,0.45417589318580215
O14974,PPP1R12A,1259.97,1048.38,1.2,0.00128,up,0.2630344058337938
E9PSH4,MAF1,57.64,36.07,1.6,0.00156,up,0.6780719051126377
O15514,POLR2D,48.86,37.89,1.29,0.00158,up,0.36737106564852945
Q9H1P3,OSBPL2,475.6,393.03,1.21,0.00161,up,0.27500704749986976
Q9NRV9,HEBP1,930.77,667.7,1.39,0.00171,up,0.47508488294878265
Q12841,FSTL1,114.74,90.64,1.27,0.00171,up,0.34482849699744117
Q9P287,BCCIP,260.96,149.99,1.74,0.00179,up,0.7990873060740036
A0A087WY62,NBPF26,99.18,59.84,1.66,0.0019,up,0.7311832415721999
Q14657,LAGE3,32.15,23.23,1.38,0.00202,up,0.46466826700344427
Q92995,USP13,14.83,10.03,1.48,0.00213,up,0.5655971758542251
A0A087X091,WDR13,78.88,63.41,1.24,0.00234,up,0.3103401206121505
O15355,PPM1G,747.14,588.94,1.27,0.00251,up,0.34482849699744117
Q9UKW4,VAV3,164.63,137.13,1.2,0.00272,up,0.2630344058337938
Q14376,GALE,439.78,293.33,1.5,0.00279,up,0.5849625007211562
Q9H6X2,ANTXR1,52.5,40.64,1.29,0.00298,up,0.36737106564852945
Q9UK22,FBXO2,982.04,778.07,1.26,0.003,up,0.3334237337251918
P62330,ARF6,431.76,298.76,1.45,0.00312,up,0.5360529002402097
P00915,CA1,2538.21,1397.54,1.82,0.00313,up,0.8639384504239717
Q9BW83,IFT27,556.96,395.36,1.41,0.00316,up,0.49569516262406876
P02489,CRYAA,13374.84,8743.41,1.53,0.00324,up,0.6135316529179271
P02042,HBD,3439.58,1703.27,2.02,0.00331,up,1.01435529297707
P05413,FABP3,918.93,601.21,1.53,0.0034,up,0.6135316529179271
O15405,TOX3,77.89,61.67,1.26,0.00354,up,0.3334237337251918
O15212,PFDN6,653.96,376.98,1.73,0.00357,up,0.7907720378619999
Q9Y5K3,PCYT1B,166.76,121.81,1.37,0.00359,up,0.45417589318580215
O00233,PSMD9,565.79,427.45,1.32,0.0037,up,0.4005379295837288
P09936,UCHL1,5218.63,3210.77,1.63,0.00379,up,0.7048719644563528
P68871,HBB,13260.96,6808.23,1.95,0.00384,up,0.963474123974886
P30085,CMPK1,1046.1,626.46,1.67,0.00386,up,0.7398481026993274
P36021,SLC16A2,25.83,20.7,1.25,0.00409,up,0.32192809488736235
Q14574,DSC3,67.06,41.13,1.63,0.00419,up,0.7048719644563528
A6ZKI3,RTL8C,340.77,232.88,1.46,0.00422,up,0.5459683691052925
Q99584,S100A13,1730.8,1073.04,1.61,0.00426,up,0.6870606883398924
O15217,GSTA4,135.42,94.8,1.43,0.00435,up,0.5160151470036647
Q7Z449,CYP2U1,133.6,108.12,1.24,0.00441,up,0.3103401206121505
A0A0U1RRM6,ENAH,310.29,235.12,1.32,0.00443,up,0.4005379295837288
P31749,AKT1,506.93,420.35,1.21,0.00448,up,0.27500704749986976
Q96QA5,GSDMA,125.32,65.57,1.91,0.00451,up,0.9335726382610239
Q9NX08,COMMD8,45.31,33.39,1.36,0.00454,up,0.44360665147561484
A0A2R8Y7C0,HBA2,5429.62,2843.25,1.91,0.00456,up,0.9335726382610239
A0A087X0M8,CHL1,255.41,200.14,1.28,0.00459,up,0.35614381022527536
Q15370,ELOB,1449.87,1066.65,1.36,0.00464,up,0.44360665147561484
P19971,TYMP,141.34,92.93,1.52,0.00524,up,0.6040713236688608
Q9BV86,NTMT1,154.88,102.59,1.51,0.00525,up,0.5945485495503542
P04792,HSPB1,3569.1,2093.53,1.7,0.00539,up,0.765534746362977
O00499,BIN1,79.67,61.5,1.3,0.00562,up,0.37851162325372983
P52566,ARHGDIB,393.32,281.16,1.4,0.00565,up,0.48542682717024166
O75368,SH3BGRL,1705.57,856.93,1.99,0.00568,up,0.9927684307689242
Q8IYD1,GSPT2,112.56,90.67,1.24,0.00584,up,0.3103401206121505
O00273,DFFA,501.47,380.95,1.32,0.00602,up,0.4005379295837288
H7C394,CAMK2B,54.35,41.07,1.32,0.00602,up,0.4005379295837288
P67936,TPM4,2478.28,1531.27,1.62,0.00605,up,0.6959938131099002
Q9UJ68,MSRA,77.57,62.2,1.25,0.00606,up,0.32192809488736235
P69905,HBA1,463.25,198.84,2.33,0.00613,up,1.2203299548795556
H7BZ14,PPIL3,345.89,237.99,1.45,0.00616,up,0.5360529002402097
J3QRF4,RBFOX3,33.06,26.92,1.23,0.00623,up,0.29865831556451516
Q9NZ08,ERAP1,40.72,31.92,1.28,0.00651,up,0.35614381022527536
G8JLG2,CDSN,126.01,78.81,1.6,0.00658,up,0.6780719051126377
P52306,RAP1GDS1,2217.84,1630.59,1.36,0.00663,up,0.44360665147561484
A8MXB7,SNX24,54.56,37.15,1.47,0.00664,up,0.5558161550616397
P20472,PVALB,2478.41,1017.2,2.44,0.00666,up,1.2868811477881617
P05154,SERPINA5,52.47,32.42,1.62,0.00686,up,0.6959938131099002
Q9Y5F8,PCDHGB7,18.3,14.01,1.31,0.00687,up,0.3895668117627256
P48436,SOX9,64.74,49.97,1.3,0.00689,up,0.37851162325372983
P17812,CTPS1,372.46,300.89,1.24,0.00697,up,0.3103401206121505
Q9BRT3,MIEN1,374.4,266.73,1.4,0.00719,up,0.48542682717024166
Q9Y6K9,IKBKG,320.5,251.71,1.27,0.00721,up,0.34482849699744117
P42574,CASP3,35.44,24.03,1.47,0.00733,up,0.5558161550616397
Q9BRQ8,AIFM2,16.21,11.42,1.42,0.00744,up,0.5058909297299573
O75821,EIF3G,802.62,656.36,1.22,0.00772,up,0.28688114778816154
P04003,C4BPA,178.85,146.54,1.22,0.00793,up,0.28688114778816154
Q9BU02,THTPA,135.79,109.04,1.25,0.00821,up,0.32192809488736235
Q32MZ4,LRRFIP1,406.39,320.01,1.27,0.00869,up,0.34482849699744117
Q9Y5B0,CTDP1,60.0,44.41,1.35,0.0087,up,0.43295940727610627
Q59EK9,RUNDC3A,129.38,88.76,1.46,0.00873,up,0.5459683691052925
O95433,AHSA1,1320.18,944.06,1.4,0.00895,up,0.48542682717024166
A0A0A0MSS3,SLAIN1,32.99,18.03,1.83,0.00896,up,0.8718436485093178
P62166,NCS1,124.19,91.92,1.35,0.00898,up,0.43295940727610627
Q8WWX9,SELENOM,61.7,47.38,1.3,0.00926,up,0.37851162325372983
P02654,APOC1,596.18,278.36,2.14,0.00931,up,1.0976107966264224
P45974,USP5,2537.62,2076.73,1.22,0.00934,up,0.28688114778816154
Q96BH1,RNF25,74.03,59.99,1.23,0.00935,up,0.29865831556451516
Q8IYB5,SMAP1,238.94,174.64,1.37,0.00942,up,0.45417589318580215
Q96P47,AGAP3,179.44,144.58,1.24,0.00975,up,0.3103401206121505
D3DSM0,ITGB2,49.29,39.12,1.26,0.00981,up,0.3334237337251918
Q9NRX4,PHPT1,1108.29,619.01,1.79,0.00988,up,0.8399595874895318
Q96RR4,CAMKK2,19.25,15.08,1.28,0.00997,up,0.35614381022527536
Q15102,PAFAH1B3,780.04,522.27,1.49,0.00998,up,0.5753123306874368
Q96DG6,CMBL,403.88,278.56,1.45,0.01008,up,0.5360529002402097
P15374,UCHL3,227.05,156.66,1.45,0.0101,up,0.5360529002402097
Q86TP1,PRUNE1,227.16,178.09,1.28,0.01022,up,0.35614381022527536
Q5T7Y6,S100A1,800.46,411.02,1.95,0.01028,up,0.963474123974886
P49773,HINT1,1325.92,673.28,1.97,0.01029,up,0.9781956296816515
Q96S19,METTL26,133.15,105.62,1.26,0.01046,up,0.3334237337251918
Q9UNZ2,NSFL1C,2258.72,1688.0,1.34,0.01053,up,0.4222330006830478
Q5QJ74,TBCEL,54.46,41.05,1.33,0.01058,up,0.41142624572646497
Q13526,PIN1,1031.81,719.37,1.43,0.01061,up,0.5160151470036647
P48507,GCLM,261.02,202.56,1.29,0.01062,up,0.36737106564852945
O75832,PSMD10,627.63,494.69,1.27,0.01077,up,0.34482849699744117
P51636,CAV2,116.44,85.53,1.36,0.01078,up,0.44360665147561484
O76003,GLRX3,466.75,356.01,1.31,0.01078,up,0.3895668117627256
O75312,ZPR1,42.66,28.75,1.48,0.01081,up,0.5655971758542251
P54725,RAD23A,591.74,457.2,1.29,0.01098,up,0.36737106564852945
P0DI81,TRAPPC2,67.81,51.34,1.32,0.01099,up,0.4005379295837288
Q92696,RABGGTA,550.76,451.6,1.22,0.01109,up,0.28688114778816154
Q13107,USP4,226.73,185.92,1.22,0.01115,up,0.28688114778816154
Q6FI81,CIAPIN1,868.18,605.79,1.43,0.01122,up,0.5160151470036647
Q8TCC7,SLC22A8,32.5,16.95,1.92,0.01126,up,0.9411063109464314
Q5SYC1,CLVS2,301.23,211.87,1.42,0.01128,up,0.5058909297299573
Q15785,TOMM34,483.95,402.79,1.2,0.01128,up,0.2630344058337938
Q8TDH9,BLOC1S5,53.76,42.0,1.28,0.01128,up,0.35614381022527536
Q6NW29,RWDD4,121.98,90.5,1.35,0.01149,up,0.43295940727610627
P40123,CAP2,842.21,692.64,1.22,0.01153,up,0.28688114778816154
Q9UNI6,DUSP12,37.12,28.13,1.32,0.01162,up,0.4005379295837288
Q9NWV4,C1ORF123,192.4,128.29,1.5,0.01177,up,0.5849625007211562
Q96PE1,ADGRA2,400.09,309.54,1.29,0.01177,up,0.36737106564852945
Q9UNN5,FAF1,514.75,428.62,1.2,0.01182,up,0.2630344058337938
Q14515,SPARCL1,552.86,420.47,1.31,0.01188,up,0.3895668117627256
Q15555,MAPRE2,1854.81,1469.12,1.26,0.01191,up,0.3334237337251918
P06732,CKM,336.46,177.58,1.89,0.01205,up,0.9183862344463479
A0A0A0MSS8,AKR1C3,5088.56,3237.4,1.57,0.01209,up,0.6507645591169023
O43399,TPD52L2,642.2,487.69,1.32,0.01245,up,0.4005379295837288
Q92882,OSTF1,257.38,206.19,1.25,0.01257,up,0.32192809488736235
Q01469,FABP5,2053.51,1176.32,1.75,0.01262,up,0.8073549220576041
P43487,RANBP1,1344.99,875.65,1.54,0.0128,up,0.6229303509201767
P35754,GLRX,27.47,20.68,1.33,0.01285,up,0.41142624572646497
E5RJR5,SKP1,2046.62,1575.94,1.3,0.01306,up,0.37851162325372983
O15498,YKT6,655.96,467.21,1.4,0.01312,up,0.48542682717024166
Q6GMV3,PTRHD1,472.66,336.48,1.4,0.01328,up,0.48542682717024166
P10599,TXN,2044.74,1314.22,1.56,0.0134,up,0.6415460290875237
Q9BUT1,BDH2,1449.11,1073.46,1.35,0.01342,up,0.43295940727610627
Q8IVM0,CCDC50,329.0,233.1,1.41,0.01345,up,0.49569516262406876
P62256,UBE2H,294.12,211.92,1.39,0.01359,up,0.47508488294878265
P06753,TPM3,125.65,89.61,1.4,0.01373,up,0.48542682717024166
P68032,ACTC1,4806.37,3608.74,1.33,0.01384,up,0.41142624572646497
P12429,ANXA3,944.41,763.07,1.24,0.01416,up,0.3103401206121505
Q96IU4,ABHD14B,487.88,288.37,1.69,0.01417,up,0.7570232465074596
Q96NT1,NAP1L5,420.4,268.61,1.57,0.01436,up,0.6507645591169023
P04259,KRT6B,361.94,208.21,1.74,0.01447,up,0.7990873060740036
Q8NFU3,TSTD1,481.54,316.75,1.52,0.01448,up,0.6040713236688608
P62942,FKBP1A,209.95,120.26,1.75,0.01491,up,0.8073549220576041
A0AVT1,UBA6,1134.19,862.0,1.32,0.01533,up,0.4005379295837288
Q8WUY3,PRUNE2,194.34,153.39,1.27,0.01535,up,0.34482849699744117
P00441,SOD1,8941.29,4901.83,1.82,0.01536,up,0.8639384504239717
O00287,RFXAP,11.53,7.35,1.57,0.01536,up,0.6507645591169023
P50225,SULT1A1,1246.23,687.94,1.81,0.01557,up,0.8559896973084807
A0A0B4J2C3,TPT1,1235.16,822.45,1.5,0.01565,up,0.5849625007211562
Q9Y3C6,PPIL1,1666.88,1372.13,1.21,0.01575,up,0.27500704749986976
Q9NZN3,EHD3,1388.28,1149.33,1.21,0.0159,up,0.27500704749986976
P55283,CDH4,32.24,25.09,1.28,0.01591,up,0.35614381022527536
Q8WUW1,BRK1,71.36,54.48,1.31,0.0161,up,0.3895668117627256
P31946,YWHAB,3109.42,2450.13,1.27,0.01634,up,0.34482849699744117
Q9BVJ7,DUSP23,167.45,137.47,1.22,0.01645,up,0.28688114778816154
Q13542,EIF4EBP2,18.9,11.3,1.67,0.0165,up,0.7398481026993274
P31939,ATIC,3324.72,2451.98,1.36,0.01663,up,0.44360665147561484
F8WBA3,PRKD1,21.28,17.0,1.25,0.01666,up,0.32192809488736235
O00764,PDXK,878.05,692.86,1.27,0.01667,up,0.34482849699744117
Q13200,PSMD2,5510.45,4577.83,1.2,0.01678,up,0.2630344058337938
Q9NPA8,ENY2,223.02,174.99,1.27,0.01687,up,0.34482849699744117
Q15404,RSU1,775.98,646.36,1.2,0.01694,up,0.2630344058337938
Q9Y5N5,N6AMT1,63.32,46.73,1.36,0.01699,up,0.44360665147561484
P23763,VAMP1,157.11,117.05,1.34,0.01719,up,0.4222330006830478
P09493,TPM1,5738.17,3811.32,1.51,0.01721,up,0.5945485495503542
Q16515,ASIC2,37.57,30.3,1.24,0.01722,up,0.3103401206121505
Q8WVJ2,NUDCD2,281.85,166.2,1.7,0.01737,up,0.765534746362977
P07738,BPGM,543.27,427.15,1.27,0.01747,up,0.34482849699744117
E9PAV3,NACA,541.53,402.79,1.34,0.01754,up,0.4222330006830478
Q6PUV4,CPLX2,213.96,131.18,1.63,0.01767,up,0.7048719644563528
Q96EI5,TCEAL4,304.94,213.65,1.43,0.01769,up,0.5160151470036647
O75487,GPC4,39.1,20.86,1.87,0.01785,up,0.903038270112912
Q99733,NAP1L4,2060.27,1689.41,1.22,0.01786,up,0.28688114778816154
P52594,AGFG1,600.42,494.6,1.21,0.01788,up,0.27500704749986976
P52434,POLR2H,58.16,42.61,1.37,0.01789,up,0.45417589318580215
Q96RU3,FNBP1,199.1,158.72,1.25,0.01846,up,0.32192809488736235
P30043,BLVRB,679.07,533.46,1.27,0.01847,up,0.34482849699744117
O95777,LSM8,526.83,419.0,1.26,0.01848,up,0.3334237337251918
O94888,UBXN7,537.48,406.04,1.32,0.01851,up,0.4005379295837288
Q96FC7,PHYHIPL,3052.33,2221.45,1.37,0.01868,up,0.45417589318580215
Q9Y2Z0,SUGT1,889.01,636.82,1.4,0.01871,up,0.48542682717024166
P13747,HLA-E,66.11,48.76,1.36,0.01884,up,0.44360665147561484
P46934,NEDD4,19.32,14.43,1.34,0.01893,up,0.4222330006830478
P33241,LSP1,68.78,46.0,1.5,0.01901,up,0.5849625007211562
Q96EB1,ELP4,83.97,68.63,1.22,0.01904,up,0.28688114778816154
O43765,SGTA,1357.54,1074.89,1.26,0.01906,up,0.3334237337251918
Q08188,TGM3,46.19,34.73,1.33,0.01917,up,0.41142624572646497
P16402,HIST1H1D,82.42,65.56,1.26,0.01924,up,0.3334237337251918
P14324,FDPS,944.67,660.04,1.43,0.01939,up,0.5160151470036647
J3KPJ3,CAMKK1,264.32,210.62,1.25,0.01971,up,0.32192809488736235
Q9UN36,NDRG2,1514.06,1220.32,1.24,0.01987,up,0.3103401206121505
Q7LG56,RRM2B,420.22,339.5,1.24,0.01993,up,0.3103401206121505
Q9H2J4,PDCL3,115.08,81.65,1.41,0.01997,up,0.49569516262406876
Q6NZI2,CAVIN1,1133.86,913.06,1.24,0.02,up,0.3103401206121505
F5H211,ATXN3,36.8,25.58,1.44,0.02005,up,0.5260688116675876
O60493,SNX3,317.87,239.98,1.32,0.02008,up,0.4005379295837288
P51668,UBE2D1,173.55,130.03,1.33,0.02017,up,0.41142624572646497
P08397,HMBS,11.04,7.3,1.51,0.02027,up,0.5945485495503542
Q9GZP9,DERL2,77.25,60.74,1.27,0.02029,up,0.34482849699744117
Q9P2X3,IMPACT,174.19,137.56,1.27,0.02031,up,0.34482849699744117
Q9HBL8,NMRAL1,132.05,95.42,1.38,0.02032,up,0.46466826700344427
Q14643,ITPR1,14.2,10.66,1.33,0.02056,up,0.41142624572646497
Q8N806,UBR7,342.0,277.05,1.23,0.02058,up,0.29865831556451516
Q6ZV70,LANCL3,9.15,4.55,2.01,0.02059,up,1.0071955014042038
Q9Y2Y0,ARL2BP,126.64,98.19,1.29,0.02062,up,0.36737106564852945
Q96NL8,C8ORF37,205.81,132.73,1.55,0.02063,up,0.632268215499513
Q05209,PTPN12,35.49,27.45,1.29,0.02085,up,0.36737106564852945
P62328,TMSB4X,295.95,153.78,1.92,0.02087,up,0.9411063109464314
Q5SQI0,ATAT1,231.81,175.67,1.32,0.02093,up,0.4005379295837288
I3L504,EIF5A,1338.85,956.16,1.4,0.0211,up,0.48542682717024166
P01040,CSTA,198.2,141.32,1.4,0.02124,up,0.48542682717024166
Q9UHD9,UBQLN2,988.4,801.92,1.23,0.0213,up,0.29865831556451516
A0A1B0GUS4,UBE2L5,43.7,29.83,1.47,0.02141,up,0.5558161550616397
O15145,ARPC3,334.1,276.82,1.21,0.02161,up,0.27500704749986976
Q9BXS9,SLC26A6,9.46,6.65,1.42,0.02163,up,0.5058909297299573
Q9UI26,IPO11,99.11,76.42,1.3,0.02165,up,0.37851162325372983
O75223,GGCT,838.28,511.58,1.64,0.02171,up,0.7136958148433589
P25391,LAMA1,24.89,20.1,1.24,0.02178,up,0.3103401206121505
Q9UK45,LSM7,432.9,345.8,1.25,0.02185,up,0.32192809488736235
Q04323,UBXN1,662.96,485.6,1.37,0.02188,up,0.45417589318580215
A6NGJ0,DYNLT3,8.39,4.77,1.76,0.02209,up,0.8155754288625726
Q9HAB8,PPCS,456.39,327.88,1.39,0.02219,up,0.47508488294878265
Q96GX2,ATXN7L3B,51.49,40.8,1.26,0.02219,up,0.3334237337251918
Q99961,SH3GL1,565.35,453.68,1.25,0.02228,up,0.32192809488736235
P31751,AKT2,118.23,97.8,1.21,0.02233,up,0.27500704749986976
O95817,BAG3,1493.09,1144.22,1.3,0.02252,up,0.37851162325372983
O14933,UBE2L6,54.85,40.67,1.35,0.02254,up,0.43295940727610627
Q8N9V3,WDSUB1,48.04,32.99,1.46,0.0227,up,0.5459683691052925
Q9UJY1,HSPB8,1119.54,905.68,1.24,0.02284,up,0.3103401206121505
Q9NR19,ACSS2,264.03,211.87,1.25,0.02297,up,0.32192809488736235
P34913,EPHX2,3171.92,2341.45,1.35,0.02298,up,0.43295940727610627
P42773,CDKN2C,62.4,45.01,1.39,0.02301,up,0.47508488294878265
Q8TAA9,VANGL1,41.58,30.67,1.36,0.02301,up,0.44360665147561484
P20039,HLA-DRB1,294.89,130.8,2.25,0.02316,up,1.1699250014423124
Q13158,FADD,118.59,85.52,1.39,0.02337,up,0.47508488294878265
P51965,UBE2E1,369.01,239.14,1.54,0.02422,up,0.6229303509201767
P20591,MX1,70.0,57.46,1.22,0.02423,up,0.28688114778816154
P43250,GRK6,34.21,26.81,1.28,0.02435,up,0.35614381022527536
Q7Z6K5,ARPIN,561.07,426.69,1.31,0.02442,up,0.3895668117627256
A6NKN8,PCP4L1,251.18,145.43,1.73,0.02462,up,0.7907720378619999
A0A2R8YFE2,ACTB,211.72,160.99,1.32,0.02468,up,0.4005379295837288
Q9BTV5,FSD1,280.54,228.71,1.23,0.02473,up,0.29865831556451516
P13647,KRT5,4832.84,2921.26,1.65,0.02473,up,0.722466024471091
Q9NUP1,BLOC1S4,133.99,110.25,1.22,0.0249,up,0.28688114778816154
Q86WV7,CCDC43,276.11,179.55,1.54,0.02493,up,0.6229303509201767
Q93045,STMN2,47.31,39.33,1.2,0.02551,up,0.2630344058337938
Q5JS54,PSMG4,9.78,6.98,1.4,0.02556,up,0.48542682717024166
O76070,SNCG,3826.18,2568.81,1.49,0.02565,up,0.5753123306874368
P40855,PEX19,664.76,477.1,1.39,0.02573,up,0.47508488294878265
Q8WV99,ZFAND2B,26.35,21.03,1.25,0.02601,up,0.32192809488736235
Q9UBE0,SAE1,1328.42,976.11,1.36,0.02615,up,0.44360665147561484
A6NDU8,C5ORF51,237.13,180.63,1.31,0.0262,up,0.3895668117627256
O60443,GSDME,172.99,135.62,1.28,0.02642,up,0.35614381022527536
A0MZ66,SHTN1,774.52,609.52,1.27,0.02644,up,0.34482849699744117
Q712K3,UBE2R2,125.34,91.63,1.37,0.02652,up,0.45417589318580215
Q96K17,BTF3L4,118.58,83.83,1.41,0.02659,up,0.49569516262406876
P84085,ARF5,489.18,398.02,1.23,0.02666,up,0.29865831556451516
Q9UI15,TAGLN3,2887.73,2231.51,1.29,0.02692,up,0.36737106564852945
Q8WZA0,LZIC,875.67,513.65,1.7,0.02697,up,0.765534746362977
P81605,DCD,344.22,228.39,1.51,0.02764,up,0.5945485495503542
Q15056,EIF4H,1466.23,1015.93,1.44,0.02798,up,0.5260688116675876
U3KQP1,ASNSD1,175.68,97.4,1.8,0.02798,up,0.8479969065549501
E9PGN7,SERPING1,413.3,290.92,1.42,0.02801,up,0.5058909297299573
Q13228,SELENBP1,3216.48,2278.79,1.41,0.02813,up,0.49569516262406876
P07992,ERCC1,61.09,42.17,1.45,0.02819,up,0.5360529002402097
P55899,FCGRT,30.23,19.5,1.55,0.02823,up,0.632268215499513
P28676,GCA,574.29,465.2,1.23,0.0287,up,0.29865831556451516
J3KR44,OTUB1,789.81,587.72,1.34,0.02879,up,0.4222330006830478
O60927,PPP1R11,156.67,126.28,1.24,0.02885,up,0.3103401206121505
P52564,MAP2K6,755.76,564.72,1.34,0.02923,up,0.4222330006830478
P45985,MAP2K4,463.04,359.87,1.29,0.02933,up,0.36737106564852945
P78560,CRADD,95.79,74.65,1.28,0.02935,up,0.35614381022527536
O14907,TAX1BP3,89.59,70.08,1.28,0.02945,up,0.35614381022527536
P02538,KRT6A,4034.84,2131.1,1.89,0.0295,up,0.9183862344463479
P14317,HCLS1,93.07,64.47,1.44,0.02969,up,0.5260688116675876
P60842,EIF4A1,2488.42,2027.15,1.23,0.03003,up,0.29865831556451516
P31944,CASP14,76.33,57.56,1.33,0.03062,up,0.41142624572646497
Q15714,TSC22D1,426.74,307.19,1.39,0.03065,up,0.47508488294878265
Q15121,PEA15,1974.43,1233.39,1.6,0.0308,up,0.6780719051126377
A8MUM1,EIPR1,510.04,421.59,1.21,0.03091,up,0.27500704749986976
Q9BPY3,FAM118B,145.27,119.26,1.22,0.03134,up,0.28688114778816154
P46439,GSTM5,560.41,354.95,1.58,0.03136,up,0.6599245584023783
Q9H425,C1ORF198,134.06,105.33,1.27,0.03174,up,0.34482849699744117
Q8WUX9,CHMP7,8.28,5.6,1.48,0.03192,up,0.5655971758542251
P13797,PLS3,1562.55,1183.35,1.32,0.03218,up,0.4005379295837288
P11215,ITGAM,79.11,62.72,1.26,0.03222,up,0.3334237337251918
A0A1B0GWK2,KAZN,265.05,210.82,1.26,0.03224,up,0.3334237337251918
Q969G6,RFK,277.71,213.14,1.3,0.03226,up,0.37851162325372983
P00966,ASS1,1994.42,1544.51,1.29,0.03241,up,0.36737106564852945
Q8WTS6,SETD7,195.29,151.71,1.29,0.0325,up,0.36737106564852945
P98172,EFNB1,168.84,139.67,1.21,0.03252,up,0.27500704749986976
P06396,GSN,8635.0,7169.94,1.2,0.03259,up,0.2630344058337938
Q02413,DSG1,434.04,298.91,1.45,0.03271,up,0.5360529002402097
P51570,GALK1,726.7,535.2,1.36,0.03295,up,0.44360665147561484
P13645,KRT10,10437.18,6494.34,1.61,0.03298,up,0.6870606883398924
Q9Y342,PLLP,35.61,29.3,1.22,0.0338,up,0.28688114778816154
Q86TA1,MOB3B,30.99,20.28,1.53,0.03385,up,0.6135316529179271
O60268,KIAA0513,871.3,720.07,1.21,0.034,up,0.27500704749986976
P48539,PCP4,514.38,317.59,1.62,0.0341,up,0.6959938131099002
P35908,KRT2,10383.09,6164.24,1.68,0.03418,up,0.7484612330040356
Q15126,PMVK,660.06,481.19,1.37,0.03432,up,0.45417589318580215
P61204,ARF3,2786.01,1835.24,1.52,0.0344,up,0.6040713236688608
Q8TED1,GPX8,82.24,62.44,1.32,0.03469,up,0.4005379295837288
Q14240,EIF4A2,1031.39,789.42,1.31,0.03475,up,0.3895668117627256
Q9BTL3,RAMAC,224.64,120.09,1.87,0.03497,up,0.903038270112912
Q9UHV9,PFDN2,1293.85,975.68,1.33,0.035,up,0.41142624572646497
Q99447,PCYT2,693.88,528.01,1.31,0.0351,up,0.3895668117627256
P02533,KRT14,6367.18,3638.68,1.75,0.03515,up,0.8073549220576041
P40616,ARL1,165.49,114.22,1.45,0.03521,up,0.5360529002402097
Q9Y5Z4,HEBP2,1379.74,884.12,1.56,0.03524,up,0.6415460290875237
Q6ZVX7,NCCRP1,59.0,45.25,1.3,0.03524,up,0.37851162325372983
Q9UBT2,UBA2,1166.84,902.58,1.29,0.03551,up,0.36737106564852945
A0AVF1,TTC26,13.21,8.35,1.58,0.03556,up,0.6599245584023783
P12277,CKB,35126.72,23959.06,1.47,0.03582,up,0.5558161550616397
P19256,CD58,70.69,58.24,1.21,0.03586,up,0.27500704749986976
P13646,KRT13,253.72,180.84,1.4,0.03613,up,0.48542682717024166
O95999,BCL10,23.49,18.33,1.28,0.03646,up,0.35614381022527536
P35527,KRT9,9921.25,5593.39,1.77,0.03667,up,0.8237493603082727
Q5JVS0,HABP4,116.04,90.64,1.28,0.0367,up,0.35614381022527536
O75506,HSBP1,17.43,9.84,1.77,0.03691,up,0.8237493603082727
P30414,NKTR,20.08,15.05,1.33,0.03692,up,0.41142624572646497
Q9NV35,NUDT15,71.2,38.17,1.87,0.03697,up,0.903038270112912
P0C870,JMJD7,186.36,134.88,1.38,0.03718,up,0.46466826700344427
Q9H3K6,BOLA2,306.06,241.59,1.27,0.0372,up,0.34482849699744117
Q8NFH8,REPS2,89.44,35.85,2.49,0.03721,up,1.3161457422933565
Q9NP86,CABP5,46.9,38.17,1.23,0.03723,up,0.29865831556451516
Q86YZ3,HRNR,113.61,62.79,1.81,0.03737,up,0.8559896973084807
Q5D862,FLG2,128.65,78.32,1.64,0.03746,up,0.7136958148433589
O43657,TSPAN6,99.96,73.2,1.37,0.03809,up,0.45417589318580215
B0QZ18,CPNE1,610.4,477.34,1.28,0.03824,up,0.35614381022527536
Q9Y259,CHKB,176.56,143.65,1.23,0.03848,up,0.29865831556451516
P15531,NME1,146.42,83.44,1.75,0.03862,up,0.8073549220576041
B8ZZ50,EIF4E2,156.85,112.61,1.39,0.03869,up,0.47508488294878265
P13929,ENO3,20.9,17.15,1.22,0.03876,up,0.28688114778816154
P23443,RPS6KB1,113.58,87.96,1.29,0.03893,up,0.36737106564852945
P36404,ARL2,433.15,339.88,1.27,0.03916,up,0.34482849699744117
P36639,NUDT1,58.19,36.59,1.59,0.03938,up,0.6690267655096307
E9PNP3,AAMDC,214.37,115.64,1.85,0.03961,up,0.8875252707415875
Q5VW32,BROX,640.64,470.31,1.36,0.03991,up,0.44360665147561484
P23490,LOR,93.17,46.84,1.99,0.03991,up,0.9927684307689242
P24666,ACP1,8.23,5.08,1.62,0.03997,up,0.6959938131099002
Q9Y243,AKT3,123.26,94.52,1.3,0.04008,up,0.37851162325372983
A0A087WSV8,NUCB2,1430.99,1120.89,1.28,0.04018,up,0.35614381022527536
P29762,CRABP1,14415.6,8282.52,1.74,0.04022,up,0.7990873060740036
P51452,DUSP3,475.5,334.88,1.42,0.04037,up,0.5058909297299573
P28161,GSTM2,3962.76,2277.58,1.74,0.0406,up,0.7990873060740036
P12004,PCNA,1124.53,833.21,1.35,0.04061,up,0.43295940727610627
P47813,EIF1AX,1280.23,961.91,1.33,0.04073,up,0.41142624572646497
P09668,CTSH,104.62,82.52,1.27,0.04103,up,0.34482849699744117
Q5TIG5,AFDN,8.5,5.74,1.48,0.04111,up,0.5655971758542251
A0A0B4J2B5,IGHV3OR16-9,168.23,105.74,1.59,0.04116,up,0.6690267655096307
P35813,PPM1A,1577.44,1205.51,1.31,0.04121,up,0.3895668117627256
P49189,ALDH9A1,24.97,20.39,1.22,0.04135,up,0.28688114778816154
Q9HAT2,SIAE,151.3,119.24,1.27,0.04142,up,0.34482849699744117
P07858,CTSB,1220.13,1010.73,1.21,0.04143,up,0.27500704749986976
P43034,PAFAH1B1,2589.92,2101.44,1.23,0.04143,up,0.29865831556451516
Q9NT62,ATG3,412.08,329.13,1.25,0.04156,up,0.32192809488736235
E9PC47,LIMK1,38.26,30.56,1.25,0.04167,up,0.32192809488736235
Q13043,STK4,83.53,68.29,1.22,0.04175,up,0.28688114778816154
A0A0A0MS69,PDE1C,105.93,86.04,1.23,0.04178,up,0.29865831556451516
Q5KU26,COLEC12,802.09,544.68,1.47,0.04204,up,0.5558161550616397
A0A087X0R6,SNX12,711.04,536.29,1.33,0.0423,up,0.41142624572646497
P60981,DSTN,1974.07,1553.94,1.27,0.04231,up,0.34482849699744117
P36507,MAP2K2,1446.42,1144.63,1.26,0.04235,up,0.3334237337251918
O95372,LYPLA2,649.73,526.5,1.23,0.0425,up,0.29865831556451516
P49354,FNTA,141.23,108.31,1.3,0.04259,up,0.37851162325372983
O15540,FABP7,5465.08,3199.43,1.71,0.04267,up,0.7739963251111731
Q00169,PITPNA,2235.76,1794.18,1.25,0.04282,up,0.32192809488736235
P54727,RAD23B,2026.91,1628.9,1.24,0.04306,up,0.3103401206121505
Q9NWY4,HPF1,194.51,152.21,1.28,0.04307,up,0.35614381022527536
A0A087WYT3,PTGES3,1395.13,931.29,1.5,0.04363,up,0.5849625007211562
P55285,CDH6,53.52,38.05,1.41,0.0437,up,0.49569516262406876
P49441,INPP1,429.04,321.0,1.34,0.04405,up,0.4222330006830478
P20930,FLG,237.67,167.91,1.42,0.04424,up,0.5058909297299573
Q96MH2,HEXIM2,47.02,38.79,1.21,0.04438,up,0.27500704749986976
O95154,AKR7A3,207.44,153.24,1.35,0.04463,up,0.43295940727610627
P12271,RLBP1,12553.86,8152.54,1.54,0.04464,up,0.6229303509201767
P29508,SERPINB3,142.21,102.68,1.38,0.04472,up,0.46466826700344427
P20810,CAST,1405.33,943.52,1.49,0.04493,up,0.5753123306874368
Q08554,DSC1,197.63,106.71,1.85,0.04497,up,0.8875252707415875
O75348,ATP6V1G1,1372.85,1032.46,1.33,0.04513,up,0.41142624572646497
O43396,TXNL1,1165.52,951.25,1.23,0.04514,up,0.29865831556451516
P23434,GCSH,468.64,370.74,1.26,0.04516,up,0.3334237337251918
Q6NYC1,JMJD6,145.67,120.56,1.21,0.04525,up,0.27500704749986976
Q8NBR6,MINDY2,74.04,61.16,1.21,0.04547,up,0.27500704749986976
P04271,S100B,147.67,114.52,1.29,0.0458,up,0.36737106564852945
O43852,CALU,1210.2,910.59,1.33,0.04595,up,0.41142624572646497
A0A2R8Y5P1,REEP1,137.34,99.0,1.39,0.04603,up,0.47508488294878265
Q5STX8,AIF1,138.67,103.75,1.34,0.04615,up,0.4222330006830478
Q96EQ0,SGTB,263.09,201.41,1.31,0.04647,up,0.3895668117627256
P35270,SPR,709.6,540.19,1.31,0.04672,up,0.3895668117627256
O60437,PPL,965.19,753.12,1.28,0.04682,up,0.35614381022527536
P21266,GSTM3,4161.69,2492.01,1.67,0.04685,up,0.7398481026993274
Q9HAF1,MEAF6,164.49,122.3,1.34,0.04688,up,0.4222330006830478
P55327,TPD52,852.68,562.49,1.52,0.04733,up,0.6040713236688608
Q9BZ67,FRMD8,57.05,46.56,1.23,0.04764,up,0.29865831556451516
P47224,RABIF,91.18,71.52,1.27,0.04791,up,0.34482849699744117
P30047,GCHFR,272.18,208.34,1.31,0.04839,up,0.3895668117627256
P27482,CALML3,150.3,116.71,1.29,0.04846,up,0.36737106564852945
Q06323,PSME1,2321.33,1673.46,1.39,0.04868,up,0.47508488294878265
Q99497,PARK7,10619.07,6552.39,1.62,0.04878,up,0.6959938131099002
Q7Z4H3,HDDC2,377.34,265.61,1.42,0.0489,up,0.5058909297299573
Q8WVY7,UBLCP1,864.37,640.17,1.35,0.04901,up,0.43295940727610627
Q86V88,MDP1,99.17,77.1,1.29,0.04918,up,0.36737106564852945
Q9HB40,SCPEP1,62.53,39.79,1.57,0.04926,up,0.6507645591169023
Q96IZ7,RSRC1,30.55,24.64,1.24,0.04982,up,0.3103401206121505
P41219,PRPH,1.68,0.04994,1.2,0.05,up,0.2630344058337938
Q7Z5J4,RAI1,137.76,191.14,1.39,2.211e-05,down,-0.47508488294878265
Q9NPE3,NOP10,45.27,59.72,1.32,2.673e-05,down,-0.4005379295837288
Q5JTH9,RRP12,346.19,524.04,1.51,4.516e-05,down,-0.5945485495503542
P49207,RPL34,1135.67,1669.64,1.47,0.00013,down,-0.5558161550616397
Q9H553,ALG2,593.09,755.64,1.27,0.00018,down,-0.34482849699744117
P35268,RPL22,429.55,613.96,1.43,0.00019,down,-0.5160151470036647
P42766,RPL35,1558.92,2123.74,1.36,0.00022,down,-0.44360665147561484
Q96KM6,ZNF512B,336.7,441.77,1.31,0.00029,down,-0.3895668117627256
P04000,OPN1LW,821.14,1552.94,1.89,0.00035,down,-0.9183862344463479
Q96PU4,UHRF2,251.73,337.09,1.34,0.00038,down,-0.4222330006830478
Q08828,ADCY1,394.82,582.32,1.47,0.00038,down,-0.5558161550616397
Q8IWI9,MGA,15.1,31.8,2.11,0.00046,down,-1.0772429989324603
Q8N4S7,PAQR4,213.99,279.32,1.31,0.00047,down,-0.3895668117627256
A0A1B0GUQ4,FRMPD2,242.91,351.85,1.45,0.00048,down,-0.5360529002402097
P19087,GNAT2,1071.16,1600.6,1.49,0.00052,down,-0.5753123306874368
A0A087WUW9,ARL15,30.52,41.99,1.38,0.00052,down,-0.46466826700344427
M0QXA7,WIZ,160.17,216.7,1.35,0.00056,down,-0.43295940727610627
Q9BZE1,MRPL37,287.75,387.2,1.35,0.00064,down,-0.43295940727610627
Q9BV73,CEP250,227.57,326.12,1.43,0.00065,down,-0.5160151470036647
P61353,RPL27,1376.63,1992.62,1.45,0.00069,down,-0.5360529002402097
Q15233,NONO,7052.67,9062.23,1.28,0.00069,down,-0.35614381022527536
H0YMV8,RPS27L,64.34,96.38,1.5,0.00078,down,-0.5849625007211562
O75916,RGS9,1385.37,3024.08,2.18,0.00086,down,-1.1243281350022019
A0A0A0MS41,SFXN3,2188.85,3028.99,1.38,0.00086,down,-0.46466826700344427
A0A0C4DH72,IGKV1-6,17.62,34.62,1.97,0.00088,down,-0.9781956296816515
Q9BZV3,IMPG2,3876.18,9847.49,2.54,0.00092,down,-1.3448284969974411
Q14028,CNGB1,115.79,212.66,1.84,0.00096,down,-0.8797057662822882
Q13523,PRPF4B,1300.35,1696.36,1.3,0.001,down,-0.37851162325372983
Q14721,KCNB1,568.65,763.06,1.34,0.00103,down,-0.4222330006830478
P39210,MPV17,70.41,91.18,1.29,0.00103,down,-0.36737106564852945
Q96JM3,CHAMP1,885.42,1210.08,1.37,0.00107,down,-0.45417589318580215
O60721,SLC24A1,278.87,658.72,2.36,0.00109,down,-1.2387868595871165
Q86TX2,ACOT1,1406.26,1781.28,1.27,0.00117,down,-0.34482849699744117
O60725,ICMT,56.43,90.29,1.6,0.00119,down,-0.6780719051126377
P78363,ABCA4,4963.73,9186.12,1.85,0.00119,down,-0.8875252707415875
O14775,GNB5,1144.84,1751.26,1.53,0.00119,down,-0.6135316529179271
D3DWX8,FAM3A,40.98,62.95,1.54,0.00123,down,-0.6229303509201767
P61247,RPS3A,3383.3,4305.64,1.27,0.00124,down,-0.34482849699744117
Q92759,GTF2H4,42.86,57.46,1.34,0.00124,down,-0.4222330006830478
Q6ZXV5,TMTC3,411.2,528.65,1.29,0.00126,down,-0.36737106564852945
Q15067,ACOX1,745.13,953.53,1.28,0.00128,down,-0.35614381022527536
Q14318,FKBP8,1404.77,1803.87,1.28,0.00131,down,-0.35614381022527536
Q8NCY6,MSANTD4,54.76,70.46,1.29,0.00135,down,-0.36737106564852945
P51531,SMARCA2,1653.49,2089.63,1.26,0.00136,down,-0.3334237337251918
Q5T1C6,THEM4,267.13,385.44,1.44,0.00136,down,-0.5260688116675876
P61764,STXBP1,1209.71,1670.29,1.38,0.00141,down,-0.46466826700344427
Q5T3J3,LRIF1,239.56,304.88,1.27,0.00143,down,-0.34482849699744117
Q9Y5B9,SUPT16H,1721.89,2382.39,1.38,0.00144,down,-0.46466826700344427
Q9UGL1,KDM5B,454.2,707.33,1.56,0.00146,down,-0.6415460290875237
Q96AG4,LRRC59,1202.76,1693.98,1.41,0.00148,down,-0.49569516262406876
F5GX28,KDM4B,243.38,360.78,1.48,0.00151,down,-0.5655971758542251
Q6NUK1,SLC25A24,3060.37,5023.55,1.64,0.00152,down,-0.7136958148433589
Q02880,TOP2B,6484.2,9188.47,1.42,0.0016,down,-0.5058909297299573
P63211,GNGT1,1963.86,3028.85,1.54,0.00163,down,-0.6229303509201767
P29973,CNGA1,792.46,1841.01,2.32,0.00164,down,-1.2141248053528473
K7EKE6,LONP1,2977.31,4024.3,1.35,0.00164,down,-0.43295940727610627
Q13562,NEUROD1,19.95,27.43,1.38,0.00165,down,-0.46466826700344427
Q92831,KAT2B,132.01,190.27,1.44,0.00166,down,-0.5260688116675876
Q08945,SSRP1,1160.96,1471.93,1.27,0.0017,down,-0.34482849699744117
Q17R60,IMPG1,4962.91,11887.91,2.4,0.00171,down,-1.2630344058337937
P19367,HK1,159.78,258.75,1.62,0.00174,down,-0.6959938131099002
O94806,PRKD3,25.74,34.32,1.33,0.00179,down,-0.41142624572646497
Q9BSJ5,C17ORF80,278.25,364.65,1.31,0.0018,down,-0.3895668117627256
Q03701,CEBPZ,56.18,75.44,1.34,0.00187,down,-0.4222330006830478
Q5SSJ5,HP1BP3,7121.93,10412.01,1.46,0.00187,down,-0.5459683691052925
Q8TCG5,CPT1C,378.6,488.72,1.29,0.00189,down,-0.36737106564852945
P22087,FBL,762.38,1061.22,1.39,0.00189,down,-0.47508488294878265
P83731,RPL24,1601.02,2353.3,1.47,0.00195,down,-0.5558161550616397
I3L4I4,TOM1L1,156.18,260.0,1.66,0.00198,down,-0.7311832415721999
Q9NVH0,EXD2,216.29,270.72,1.25,0.00201,down,-0.32192809488736235
Q12923,PTPN13,969.04,1487.03,1.53,0.00202,down,-0.6135316529179271
O94874,UFL1,2551.36,3285.43,1.29,0.00205,down,-0.36737106564852945
Q4R9M9,KIF1B,763.96,982.72,1.29,0.00207,down,-0.36737106564852945
A6NHR9,SMCHD1,1687.32,2233.41,1.32,0.00207,down,-0.4005379295837288
Q8TB37,NUBPL,115.06,147.24,1.28,0.00208,down,-0.35614381022527536
Q7L592,NDUFAF7,355.2,461.61,1.3,0.0021,down,-0.37851162325372983
Q9BUJ2,HNRNPUL1,2473.33,3273.79,1.32,0.00215,down,-0.4005379295837288
Q9H2P0,ADNP,1163.7,1657.9,1.42,0.0022,down,-0.5058909297299573
Q9UIG0,BAZ1B,1923.85,2682.48,1.39,0.00222,down,-0.47508488294878265
P17480,UBTF,1107.77,1431.42,1.29,0.00225,down,-0.36737106564852945
O60264,SMARCA5,3371.65,4562.95,1.35,0.00225,down,-0.43295940727610627
P38432,COIL,88.63,132.66,1.5,0.00228,down,-0.5849625007211562
Q6UB98,ANKRD12,33.32,43.13,1.29,0.00237,down,-0.36737106564852945
Q8IXT5,RBM12B,652.16,901.76,1.38,0.00238,down,-0.46466826700344427
Q9HCE3,ZNF532,32.92,42.14,1.28,0.00241,down,-0.35614381022527536
Q96CQ1,SLC25A36,78.74,103.28,1.31,0.00242,down,-0.3895668117627256
Q15717,ELAVL1,2237.03,2854.27,1.28,0.00249,down,-0.35614381022527536
Q9NTN3,SLC35D1,510.77,696.77,1.36,0.00253,down,-0.44360665147561484
Q49A26,GLYR1,800.43,1027.47,1.28,0.00254,down,-0.35614381022527536
Q96I24,FUBP3,1206.8,1519.38,1.26,0.0026,down,-0.3334237337251918
Q8NCC3,PLA2G15,55.19,88.42,1.6,0.00263,down,-0.6780719051126377
Q9NW64,RBM22,852.61,1098.69,1.29,0.00263,down,-0.36737106564852945
Q6KCM7,SLC25A25,1590.61,2373.72,1.49,0.00268,down,-0.5753123306874368
P55265,ADAR,3695.65,4739.66,1.28,0.00272,down,-0.35614381022527536
Q02846,GUCY2D,1519.22,2334.86,1.54,0.00277,down,-0.6229303509201767
P23942,PRPH2,1926.55,5266.71,2.73,0.00279,down,-1.4489009511451278
Q9P1Z0,ZBTB4,99.21,130.59,1.32,0.0028,down,-0.4005379295837288
Q14690,PDCD11,129.96,183.72,1.41,0.0028,down,-0.49569516262406876
O75367,H2AFY,9523.66,14529.77,1.53,0.00282,down,-0.6135316529179271
Q9NPI0,TMEM138,40.63,54.75,1.35,0.00285,down,-0.43295940727610627
Q14839,CHD4,3338.6,4536.76,1.36,0.0029,down,-0.44360665147561484
L0R6Q1,SLC35A4,494.59,641.62,1.3,0.00291,down,-0.37851162325372983
Q7Z3K3,POGZ,670.13,880.37,1.31,0.00294,down,-0.3895668117627256
P08100,RHO,4543.76,11529.48,2.54,0.00307,down,-1.3448284969974411
P03999,OPN1SW,214.41,336.65,1.57,0.00316,down,-0.6507645591169023
P40429,RPL13A,1913.84,2466.83,1.29,0.0032,down,-0.36737106564852945
Q9Y426,C2CD2,812.55,1051.76,1.29,0.0032,down,-0.36737106564852945
P62913,RPL11,1122.02,1642.98,1.46,0.00322,down,-0.5459683691052925
Q9BT22,ALG1,387.48,496.9,1.28,0.00331,down,-0.35614381022527536
Q9NVJ2,ARL8B,870.22,1105.28,1.27,0.00334,down,-0.34482849699744117
Q8NDX5,PHC3,171.23,233.13,1.36,0.00337,down,-0.44360665147561484
Q53GS7,GLE1,51.66,71.76,1.39,0.00337,down,-0.47508488294878265
Q15118,PDK1,715.14,924.65,1.29,0.00358,down,-0.36737106564852945
Q56VL3,OCIAD2,366.92,543.96,1.48,0.0036,down,-0.5655971758542251
Q9GZT6,CCDC90B,624.64,814.13,1.3,0.00363,down,-0.37851162325372983
Q6N043,ZNF280D,120.61,155.48,1.29,0.00364,down,-0.36737106564852945
P62277,RPS13,1696.7,2212.39,1.3,0.00367,down,-0.37851162325372983
O15047,SETD1A,46.59,64.3,1.38,0.00373,down,-0.46466826700344427
Q96ME7,ZNF512,1137.0,1553.94,1.37,0.0038,down,-0.45417589318580215
P36578,RPL4,3224.08,4413.76,1.37,0.0038,down,-0.45417589318580215
Q8WWQ0,PHIP,1291.81,1646.77,1.27,0.00382,down,-0.34482849699744117
O14832,PHYH,160.07,213.78,1.34,0.00384,down,-0.4222330006830478
P46100,ATRX,1007.01,1349.78,1.34,0.00388,down,-0.4222330006830478
F8VX10,KANSL2,53.23,68.44,1.29,0.00389,down,-0.36737106564852945
Q9UPP1,PHF8,121.42,194.7,1.6,0.00393,down,-0.6780719051126377
O95696,BRD1,194.32,250.07,1.29,0.00393,down,-0.36737106564852945
P54819,AK2,2347.29,3595.15,1.53,0.00398,down,-0.6135316529179271
P56715,RP1,459.79,694.24,1.51,0.00401,down,-0.5945485495503542
P52272,HNRNPM,13023.51,17928.54,1.38,0.00408,down,-0.46466826700344427
P61313,RPL15,890.01,1127.9,1.27,0.00427,down,-0.34482849699744117
Q9UH99,SUN2,564.44,736.67,1.31,0.0044,down,-0.3895668117627256
A0A087WXF8,ZCCHC17,68.44,87.62,1.28,0.00446,down,-0.35614381022527536
P56182,RRP1,80.54,108.0,1.34,0.00448,down,-0.4222330006830478
Q2TB10,ZNF800,147.53,192.0,1.3,0.00455,down,-0.37851162325372983
A0A087X117,NOMO1,64.14,96.0,1.5,0.00473,down,-0.5849625007211562
Q1KMD3,HNRNPUL2,4147.45,5206.04,1.26,0.00478,down,-0.3334237337251918
P61026,RAB10,1555.61,2012.13,1.29,0.0048,down,-0.36737106564852945
Q14683,SMC1A,4639.03,5827.76,1.26,0.00487,down,-0.3334237337251918
P27635,RPL10,1193.92,1574.73,1.32,0.00491,down,-0.4005379295837288
P62424,RPL7A,2268.97,2942.17,1.3,0.00496,down,-0.37851162325372983
K7ELF7,RDH8,256.17,439.26,1.71,0.005,down,-0.7739963251111731
Q9UIS9,MBD1,508.26,672.28,1.32,0.00503,down,-0.4005379295837288
Q9H936,SLC25A22,2796.5,3992.8,1.43,0.00506,down,-0.5160151470036647
P35610,SOAT1,25.93,33.75,1.3,0.00507,down,-0.37851162325372983
Q9NXE4,SMPD4,279.95,363.42,1.3,0.00508,down,-0.37851162325372983
Q9HCC8,GDPD2,153.18,199.04,1.3,0.00515,down,-0.37851162325372983
Q9Y6A9,SPCS1,243.63,343.8,1.41,0.00519,down,-0.49569516262406876
A3KMH1,VWA8,957.82,1287.97,1.34,0.00522,down,-0.4222330006830478
Q9BQ39,DDX50,528.68,718.44,1.36,0.00524,down,-0.44360665147561484
Q9HBH5,RDH14,353.01,481.91,1.37,0.00525,down,-0.45417589318580215
Q9UBW7,ZMYM2,306.51,406.62,1.33,0.00526,down,-0.41142624572646497
Q96JM2,ZNF462,168.94,249.91,1.48,0.00529,down,-0.5655971758542251
Q8IZD4,DCP1B,16.36,21.55,1.32,0.00541,down,-0.4005379295837288
Q6ZS82,RGS9BP,180.83,331.88,1.84,0.00544,down,-0.8797057662822882
O95159,ZFPL1,101.53,146.0,1.44,0.00544,down,-0.5260688116675876
P21397,MAOA,2747.05,3780.61,1.38,0.00549,down,-0.46466826700344427
Q9UG56,PISD,145.74,192.42,1.32,0.00563,down,-0.4005379295837288
A0A0A0MSV9,TAPBP,292.01,375.63,1.29,0.00565,down,-0.36737106564852945
J3QLS3,MRPS7,389.96,523.36,1.34,0.00566,down,-0.4222330006830478
O94826,TOMM70,5428.78,7579.92,1.4,0.00567,down,-0.48542682717024166
Q96NR8,RDH12,1829.75,3089.46,1.69,0.00567,down,-0.7570232465074596
Q00839,HNRNPU,3442.14,4906.01,1.43,0.00569,down,-0.5160151470036647
Q96NB2,SFXN2,46.59,75.61,1.62,0.00572,down,-0.6959938131099002
Q6YN16,HSDL2,1468.35,1968.12,1.34,0.00575,down,-0.4222330006830478
Q8IXI1,RHOT2,834.56,1215.25,1.46,0.00577,down,-0.5459683691052925
Q9UIW0,VAX2,35.11,51.94,1.48,0.0059,down,-0.5655971758542251
Q9HC21,SLC25A19,58.27,75.05,1.29,0.006,down,-0.36737106564852945
Q15326,ZMYND11,205.8,269.15,1.31,0.00606,down,-0.3895668117627256
P42677,RPS27,516.62,683.11,1.32,0.00608,down,-0.4005379295837288
Q96E39,RBMXL1,593.13,820.41,1.38,0.0061,down,-0.46466826700344427
P51160,PDE6C,1073.08,1638.32,1.53,0.00618,down,-0.6135316529179271
P05141,SLC25A5,3059.45,5217.9,1.71,0.00626,down,-0.7739963251111731
P62280,RPS11,1944.23,2800.11,1.44,0.0063,down,-0.5260688116675876
Q9H5Q4,TFB2M,12.56,20.09,1.6,0.00633,down,-0.6780719051126377
Q7Z3H4,SAMD7,161.75,218.59,1.35,0.0065,down,-0.43295940727610627
Q5VZL5,ZMYM4,163.47,258.68,1.58,0.00652,down,-0.6599245584023783
Q13151,HNRNPA0,2351.07,3023.49,1.29,0.00667,down,-0.36737106564852945
Q9GZY4,COA1,54.72,75.69,1.38,0.00667,down,-0.46466826700344427
Q96A26,FAM162A,1199.35,1739.09,1.45,0.0067,down,-0.5360529002402097
O75152,ZC3H11A,1022.93,1358.09,1.33,0.00687,down,-0.41142624572646497
P32243,OTX2,170.27,242.89,1.43,0.00703,down,-0.5160151470036647
P62244,RPS15A,801.52,1082.17,1.35,0.0071,down,-0.43295940727610627
Q8NBN7,RDH13,561.69,818.18,1.46,0.00716,down,-0.5459683691052925
Q53GQ0,HSD17B12,2307.29,2907.23,1.26,0.00716,down,-0.3334237337251918
Q969S2,NEIL2,224.86,285.29,1.27,0.00718,down,-0.34482849699744117
P51659,HSD17B4,2684.32,3420.04,1.27,0.00741,down,-0.34482849699744117
Q9NQC3,RTN4,290.93,430.93,1.48,0.00761,down,-0.5655971758542251
O95831,AIFM1,3094.56,4916.3,1.59,0.00763,down,-0.6690267655096307
Q9HC07,TMEM165,96.07,132.91,1.38,0.00772,down,-0.46466826700344427
O00327,ARNTL,73.43,99.38,1.35,0.00782,down,-0.43295940727610627
Q6ZNB6,NFXL1,136.94,180.31,1.32,0.00796,down,-0.4005379295837288
Q96CB8,INTS12,150.7,211.05,1.4,0.00803,down,-0.48542682717024166
Q5SY16,NOL9,64.82,90.73,1.4,0.00837,down,-0.48542682717024166
P42126,ECI1,1261.55,1674.27,1.33,0.00852,down,-0.41142624572646497
A0A286YEX2,SYT6,28.57,44.37,1.55,0.0088,down,-0.632268215499513
M0R2Z9,SUGP2,3446.26,4619.53,1.34,0.00888,down,-0.4222330006830478
Q9H6K4,OPA3,277.06,383.94,1.39,0.00892,down,-0.47508488294878265
Q13557,CAMK2D,75.28,115.98,1.54,0.00901,down,-0.6229303509201767
A0A0J9YXJ0,CELF2,825.94,1112.66,1.35,0.00904,down,-0.43295940727610627
O43913,ORC5,209.9,264.16,1.26,0.00916,down,-0.3334237337251918
O95573,ACSL3,3396.69,4474.53,1.32,0.00919,down,-0.4005379295837288
Q9UEG4,ZNF629,438.75,577.93,1.32,0.00927,down,-0.4005379295837288
P16499,PDE6A,5665.39,9688.89,1.71,0.00936,down,-0.7739963251111731
Q7Z7K6,CENPV,1164.57,1456.85,1.25,0.0094,down,-0.32192809488736235
Q6UX98,ZDHHC24,60.01,79.57,1.33,0.00958,down,-0.41142624572646497
P12236,SLC25A6,3963.69,5987.79,1.51,0.00963,down,-0.5945485495503542
O95563,MPC2,788.34,1117.64,1.42,0.00976,down,-0.5058909297299573
Q9UI40,SLC24A2,255.79,376.11,1.47,0.00984,down,-0.5558161550616397
Q5T3F8,TMEM63B,445.29,593.43,1.33,0.00985,down,-0.41142624572646497
Q8WTQ7,GRK7,339.33,448.62,1.32,0.00986,down,-0.4005379295837288
Q8N5G0,SMIM20,217.36,293.38,1.35,0.00988,down,-0.43295940727610627
Q8TCJ2,STT3B,787.93,1002.15,1.27,0.00999,down,-0.34482849699744117
Q9BQQ3,GORASP1,55.2,70.65,1.28,0.01004,down,-0.35614381022527536
Q10471,GALNT2,871.64,1205.72,1.38,0.01006,down,-0.46466826700344427
P0C7P0,CISD3,175.58,229.71,1.31,0.01014,down,-0.3895668117627256
A0A2R8YFG2,NMNAT3,131.44,199.89,1.52,0.01023,down,-0.6040713236688608
Q9NPJ3,ACOT13,581.91,786.9,1.35,0.01028,down,-0.43295940727610627
O43521,BCL2L11,8.04,13.14,1.63,0.01032,down,-0.7048719644563528
Q96SI9,STRBP,1235.05,1555.53,1.26,0.01046,down,-0.3334237337251918
O43159,RRP8,285.81,388.1,1.36,0.01072,down,-0.44360665147561484
Q9UHQ9,CYB5R1,1946.11,2486.74,1.28,0.01083,down,-0.35614381022527536
P12532,CKMT1A,4658.9,6782.95,1.46,0.01085,down,-0.5459683691052925
A0A0D9SEI0,C6ORF203,31.75,41.87,1.32,0.01091,down,-0.4005379295837288
I3L0E3,HCG_1984214,146.35,194.17,1.33,0.0111,down,-0.41142624572646497
J3KTA4,DDX5,3427.64,4738.96,1.38,0.01116,down,-0.46466826700344427
Q6PD62,CTR9,599.73,755.58,1.26,0.01125,down,-0.3334237337251918
P84243,H3F3A,10890.96,14793.45,1.36,0.01127,down,-0.44360665147561484
O76081,RGS20,219.53,294.44,1.34,0.01149,down,-0.4222330006830478
Q9UKU0,ACSL6,2997.24,3799.15,1.27,0.01152,down,-0.34482849699744117
O00567,NOP56,1421.1,1826.79,1.29,0.01154,down,-0.36737106564852945
F8VVT9,AGAP2,17.5,24.49,1.4,0.01159,down,-0.48542682717024166
A0A140TA86,C19ORF70,689.77,1028.51,1.49,0.0116,down,-0.5753123306874368
Q9BPW8,NIPSNAP1,2389.62,3133.3,1.31,0.0117,down,-0.3895668117627256
Q96AN5,TMEM143,116.48,149.12,1.28,0.01194,down,-0.35614381022527536
O60506,SYNCRIP,26.41,33.51,1.27,0.01195,down,-0.34482849699744117
P21675,TAF1,83.91,109.09,1.3,0.01198,down,-0.37851162325372983
Q8WUY8,NAT14,455.46,571.8,1.26,0.01198,down,-0.3334237337251918
Q5T8D3,ACBD5,621.92,782.82,1.26,0.01204,down,-0.3334237337251918
Q9NSE4,IARS2,4132.84,5203.64,1.26,0.01233,down,-0.3334237337251918
Q08211,DHX9,7425.0,9505.02,1.28,0.01234,down,-0.35614381022527536
Q8N4Q0,ZADH2,311.09,426.11,1.37,0.0125,down,-0.45417589318580215
Q8N4T8,CBR4,734.05,962.15,1.31,0.01254,down,-0.3895668117627256
Q96HJ9,FMC1,87.75,120.8,1.38,0.01263,down,-0.46466826700344427
Q12824,SMARCB1,208.95,261.32,1.25,0.01265,down,-0.32192809488736235
Q9H7B2,RPF2,40.52,68.28,1.68,0.0127,down,-0.7484612330040356
Q92618,ZNF516,128.54,177.34,1.38,0.01273,down,-0.46466826700344427
O95168,NDUFB4,974.42,1348.82,1.38,0.01275,down,-0.46466826700344427
P00505,GOT2,9965.94,12975.28,1.3,0.01277,down,-0.37851162325372983
J3QR07,YTHDC1,838.93,1065.4,1.27,0.01278,down,-0.34482849699744117
P15880,RPS2,2971.84,3731.89,1.26,0.01295,down,-0.3334237337251918
P11488,GNAT1,6093.27,8679.41,1.42,0.01295,down,-0.5058909297299573
Q14938,NFIX,85.11,108.55,1.28,0.01314,down,-0.35614381022527536
Q5TZA2,CROCC,10601.83,15821.05,1.49,0.01323,down,-0.5753123306874368
Q96T37,RBM15,673.82,845.85,1.26,0.01327,down,-0.3334237337251918
Q86U86,PBRM1,585.33,734.28,1.25,0.01344,down,-0.32192809488736235
P35913,PDE6B,1415.37,2168.9,1.53,0.0137,down,-0.6135316529179271
Q96AQ8,MCUR1,159.84,263.64,1.65,0.01385,down,-0.722466024471091
Q02318,CYP27A1,485.52,652.06,1.34,0.01392,down,-0.4222330006830478
P42167,TMPO,260.55,338.35,1.3,0.01394,down,-0.37851162325372983
Q9Y5A9,YTHDF2,278.9,378.8,1.36,0.01399,down,-0.44360665147561484
O95164,UBL3,174.64,225.64,1.29,0.01409,down,-0.36737106564852945
Q5SNT2,TMEM201,685.19,923.77,1.35,0.01415,down,-0.43295940727610627
Q15059,BRD3,697.01,889.63,1.28,0.01417,down,-0.35614381022527536
P51553,IDH3G,1546.46,2003.09,1.3,0.01424,down,-0.37851162325372983
A0A0G2JPF8,HNRNPCL4,334.34,463.55,1.39,0.01441,down,-0.47508488294878265
Q96RK4,BBS4,242.29,307.05,1.27,0.01448,down,-0.34482849699744117
P20700,LMNB1,8343.65,11350.53,1.36,0.01464,down,-0.44360665147561484
Q9GZR5,ELOVL4,557.56,740.06,1.33,0.01482,down,-0.41142624572646497
P50914,RPL14,925.47,1194.18,1.29,0.01501,down,-0.36737106564852945
P50416,CPT1A,954.47,1271.01,1.33,0.01507,down,-0.41142624572646497
P12235,SLC25A4,2006.89,2831.13,1.41,0.01507,down,-0.49569516262406876
Q14119,VEZF1,412.55,539.88,1.31,0.01522,down,-0.3895668117627256
Q5VU43,PDE4DIP,681.84,856.97,1.26,0.01524,down,-0.3334237337251918
Q9ULX7,CA14,1337.8,1812.15,1.35,0.0153,down,-0.43295940727610627
Q9H5V9,CXORF56,118.56,148.28,1.25,0.01552,down,-0.32192809488736235
A0A0R4J2E9,IMPG1,92.73,139.98,1.51,0.0156,down,-0.5945485495503542
O14681,EI24,75.86,109.58,1.44,0.01571,down,-0.5260688116675876
Q8TDN2,KCNV2,249.16,371.18,1.49,0.01576,down,-0.5753123306874368
Q02040,AKAP17A,245.87,311.72,1.27,0.01597,down,-0.34482849699744117
O75880,SCO1,394.97,515.12,1.3,0.01611,down,-0.37851162325372983
Q9NV79,PCMTD2,161.27,226.06,1.4,0.01646,down,-0.48542682717024166
Q9UGM6,WARS2,169.56,234.18,1.38,0.0165,down,-0.46466826700344427
A8MXP9,MATR3,8964.81,11239.55,1.25,0.01651,down,-0.32192809488736235
Q9BXC9,BBS2,567.02,709.82,1.25,0.01659,down,-0.32192809488736235
B4DR61,SEC61A1,456.85,600.92,1.32,0.01687,down,-0.4005379295837288
O43766,LIAS,9.67,12.79,1.32,0.0171,down,-0.4005379295837288
Q96ER9,CCDC51,278.69,350.81,1.26,0.01732,down,-0.3334237337251918
P51970,NDUFA8,1087.43,1631.25,1.5,0.01732,down,-0.5849625007211562
Q8IW92,GLB1L2,146.73,194.41,1.32,0.01743,down,-0.4005379295837288
P62917,RPL8,2031.33,2556.63,1.26,0.01744,down,-0.3334237337251918
Q6ZU65,UBN2,70.68,90.12,1.27,0.0175,down,-0.34482849699744117
P43897,TSFM,821.75,1267.79,1.54,0.01779,down,-0.6229303509201767
Q9NVH1,DNAJC11,1604.84,2040.62,1.27,0.01787,down,-0.34482849699744117
P48047,ATP5PO,4586.82,6567.65,1.43,0.01806,down,-0.5160151470036647
Q99766,DMAC2L,453.22,590.28,1.3,0.01809,down,-0.37851162325372983
Q8TC12,RDH11,1330.02,1692.86,1.27,0.01819,down,-0.34482849699744117
Q8IV63,VRK3,200.2,261.2,1.3,0.01822,down,-0.37851162325372983
P09874,PARP1,9120.96,12247.68,1.34,0.01829,down,-0.4222330006830478
Q12791,KCNMA1,69.85,125.61,1.8,0.0187,down,-0.8479969065549501
O15537,RS1,3679.26,5144.49,1.4,0.01879,down,-0.48542682717024166
Q8NBU5,ATAD1,986.91,1262.03,1.28,0.01941,down,-0.35614381022527536
H7C1N3,BET1,232.18,304.81,1.31,0.01943,down,-0.3895668117627256
P56381,ATP5F1E,574.24,840.5,1.46,0.01944,down,-0.5459683691052925
Q9NVV4,MTPAP,344.21,485.88,1.41,0.01955,down,-0.49569516262406876
P49821,NDUFV1,4213.15,5757.12,1.37,0.01958,down,-0.45417589318580215
Q9Y6M9,NDUFB9,946.06,1199.22,1.27,0.0197,down,-0.34482849699744117
F5GXJ1,NDUFS7,1174.69,1632.12,1.39,0.01986,down,-0.47508488294878265
Q01538,MYT1,150.39,190.15,1.26,0.02007,down,-0.3334237337251918
P40926,MDH2,7026.53,9236.31,1.31,0.02024,down,-0.3895668117627256
Q5BKZ1,ZNF326,818.26,1115.44,1.36,0.02031,down,-0.44360665147561484
Q9NW81,DMAC2,103.53,140.94,1.36,0.02037,down,-0.44360665147561484
P21589,NT5E,1411.74,1832.4,1.3,0.02112,down,-0.37851162325372983
P35250,RFC2,168.94,221.13,1.31,0.02117,down,-0.3895668117627256
A0A0G2JPT5,RAD17,44.77,60.08,1.34,0.02117,down,-0.4222330006830478
Q53H12,AGK,1586.43,2012.75,1.27,0.02132,down,-0.34482849699744117
P55809,OXCT1,3830.84,5097.67,1.33,0.02135,down,-0.41142624572646497
Q9Y5X4,NR2E3,350.86,493.98,1.41,0.02165,down,-0.49569516262406876
P09669,COX6C,1630.25,2263.91,1.39,0.02173,down,-0.47508488294878265
P24539,ATP5PB,3354.29,4531.22,1.35,0.02187,down,-0.43295940727610627
Q7Z3D6,DGLUCY,838.71,1135.88,1.35,0.02196,down,-0.43295940727610627
P39023,RPL3,3527.34,4503.28,1.28,0.02196,down,-0.35614381022527536
P24310,COX7A1,142.06,185.56,1.31,0.02204,down,-0.3895668117627256
Q8N8Y2,ATP6V0D2,12.85,18.61,1.45,0.02232,down,-0.5360529002402097
P21912,SDHB,2373.88,3233.29,1.36,0.02284,down,-0.44360665147561484
Q9BQ75,CMSS1,198.62,248.66,1.25,0.02287,down,-0.32192809488736235
A0A087WUC6,SPCS2,1038.68,1341.35,1.29,0.02325,down,-0.36737106564852945
Q9P0M6,H2AFY2,2055.4,2670.11,1.3,0.02333,down,-0.37851162325372983
P14866,HNRNPL,8054.42,10695.98,1.33,0.02345,down,-0.41142624572646497
Q9NP92,MRPS30,237.94,303.61,1.28,0.02381,down,-0.35614381022527536
P82914,MRPS15,359.9,463.56,1.29,0.02389,down,-0.36737106564852945
Q9BYV7,BCO2,173.67,226.24,1.3,0.02406,down,-0.37851162325372983
Q8N565,MREG,47.78,62.05,1.3,0.02465,down,-0.37851162325372983
O96000,NDUFB10,1689.4,2336.24,1.38,0.02466,down,-0.46466826700344427
Q16795,NDUFA9,3946.99,5509.63,1.4,0.02477,down,-0.48542682717024166
Q9BVA0,KATNB1,41.81,52.88,1.26,0.02491,down,-0.3334237337251918
P28331,NDUFS1,7383.6,9577.38,1.3,0.02493,down,-0.37851162325372983
Q16718,NDUFA5,908.78,1300.59,1.43,0.02503,down,-0.5160151470036647
O43324,EEF1E1,308.89,392.12,1.27,0.02537,down,-0.34482849699744117
Q08AF3,SLFN5,64.58,88.01,1.36,0.02542,down,-0.44360665147561484
Q9HC52,CBX8,746.02,942.06,1.26,0.02548,down,-0.3334237337251918
Q14149,MORC3,16.25,23.32,1.44,0.02568,down,-0.5260688116675876
P35398,RORA,80.34,108.53,1.35,0.0257,down,-0.43295940727610627
D6RGC4,MARCH1,22.26,31.0,1.39,0.02579,down,-0.47508488294878265
Q9H7N4,SCAF1,649.15,824.12,1.27,0.0264,down,-0.34482849699744117
Q9NRC6,SPTBN5,1119.69,1456.17,1.3,0.0272,down,-0.37851162325372983
P25445,FAS,64.73,93.16,1.44,0.02726,down,-0.5260688116675876
Q96A23-2,CPNE4,20.0,28.66,1.43,0.02766,down,-0.5160151470036647
A0A0B4J2F0,PIGBOS1,83.66,186.85,2.23,0.02767,down,-1.15704371014558
Q01850,CDR2,138.95,193.95,1.4,0.0277,down,-0.48542682717024166
Q9BVV7,TIMM21,118.01,150.15,1.27,0.02781,down,-0.34482849699744117
P86397,HTD2,124.44,165.96,1.33,0.02806,down,-0.41142624572646497
A0A2U3TZT0,ZNF385B,300.66,384.93,1.28,0.02864,down,-0.35614381022527536
Q8N8R7,ARL14EP,114.81,158.66,1.38,0.02867,down,-0.46466826700344427
Q96A72,MAGOHB,725.32,953.53,1.31,0.02889,down,-0.3895668117627256
A0A075B6Q7,DISC1,53.56,71.24,1.33,0.02923,down,-0.41142624572646497
D6RDH5,GNGT2,493.66,664.79,1.35,0.02937,down,-0.43295940727610627
F8W930,IGF2BP2,1514.45,1975.42,1.3,0.02956,down,-0.37851162325372983
Q9NX40,OCIAD1,896.12,1142.06,1.27,0.02982,down,-0.34482849699744117
P17568,NDUFB7,991.53,1313.44,1.32,0.02995,down,-0.4005379295837288
Q8IWN7,RP1L1,374.5,477.47,1.27,0.03,down,-0.34482849699744117
O43920,NDUFS5,551.8,750.25,1.36,0.03162,down,-0.44360665147561484
P49411,TUFM,4369.87,6022.78,1.38,0.03172,down,-0.46466826700344427
Q9ULU4,ZMYND8,776.07,995.12,1.28,0.03182,down,-0.35614381022527536
P18077,RPL35A,858.11,1158.87,1.35,0.03214,down,-0.43295940727610627
O95182,NDUFA7,1481.76,1968.81,1.33,0.03217,down,-0.41142624572646497
Q9BWE0,REPIN1,246.48,353.16,1.43,0.03234,down,-0.5160151470036647
P61254,RPL26,790.13,1117.43,1.41,0.03242,down,-0.49569516262406876
Q9BVG8,KIFC3,60.3,79.7,1.32,0.03247,down,-0.4005379295837288
O00257,CBX4,121.17,175.49,1.45,0.03304,down,-0.5360529002402097
Q96ND0,FAM210A,525.75,675.19,1.28,0.03305,down,-0.35614381022527536
A0A2Y9D025,NDUFA6,1085.9,1548.14,1.43,0.0331,down,-0.5160151470036647
Q8IY26,PLPP6,40.46,51.61,1.28,0.03337,down,-0.35614381022527536
A6NDA9,LRIT2,190.45,301.63,1.58,0.03376,down,-0.6599245584023783
E9PN58,SIRT3,14.48,19.64,1.36,0.03418,down,-0.44360665147561484
Q96JP9,CDHR1,93.2,133.6,1.43,0.03424,down,-0.5160151470036647
A6NCE7,MAP1LC3B2,758.11,997.87,1.32,0.03443,down,-0.4005379295837288
Q9UIV1,CNOT7,35.0,44.95,1.28,0.03469,down,-0.35614381022527536
P61129,ZC3H6,41.59,54.47,1.31,0.03528,down,-0.3895668117627256
H0Y886,NDUFB5,686.26,930.55,1.36,0.03583,down,-0.44360665147561484
O75306,NDUFS2,3339.43,4239.08,1.27,0.03609,down,-0.34482849699744117
A6NCL7,ANKRD33B,112.12,143.49,1.28,0.03611,down,-0.35614381022527536
Q4U2R6,MRPL51,65.3,82.45,1.26,0.03621,down,-0.3334237337251918
Q5T9L3,WLS,209.52,265.35,1.27,0.03652,down,-0.34482849699744117
Q96DA6,DNAJC19,659.5,831.13,1.26,0.03684,down,-0.3334237337251918
Q6UW78,UQCC3,4.6,6.78,1.47,0.03693,down,-0.5558161550616397
Q96EK4,THAP11,40.34,53.56,1.33,0.03707,down,-0.41142624572646497
Q9Y6M7,SLC4A7,986.63,1253.29,1.27,0.03721,down,-0.34482849699744117
Q9H0M0,WWP1,58.12,73.06,1.26,0.03769,down,-0.3334237337251918
O43490,PROM1,1373.75,2156.33,1.57,0.03829,down,-0.6507645591169023
P14415,ATP1B2,3856.77,4906.22,1.27,0.03844,down,-0.34482849699744117
Q96FJ2,DYNLL2,1738.55,2206.07,1.27,0.03844,down,-0.34482849699744117
Q5TEC6,HIST2H3PS2,1995.02,2639.12,1.32,0.03846,down,-0.4005379295837288
Q92522,H1FX,3692.4,4733.97,1.28,0.03874,down,-0.35614381022527536
P46199,MTIF2,298.78,403.1,1.35,0.03885,down,-0.43295940727610627
O60783,MRPS14,15.81,20.1,1.27,0.03888,down,-0.34482849699744117
P45880,VDAC2,9309.14,11981.46,1.29,0.03903,down,-0.36737106564852945
P13073,COX4I1,3735.93,5071.0,1.36,0.0396,down,-0.44360665147561484
O94925,GLS,2301.15,3158.11,1.37,0.0397,down,-0.45417589318580215
P03928,MT-ATP8,607.08,835.02,1.38,0.04006,down,-0.46466826700344427
Q9UJS0,SLC25A13,2378.74,3155.24,1.33,0.04022,down,-0.41142624572646497
O14730,RIOK3,7.62,11.06,1.45,0.04094,down,-0.5360529002402097
Q9NWT8,AURKAIP1,96.36,137.27,1.42,0.04117,down,-0.5058909297299573
P38159,RBMX,6283.71,8055.48,1.28,0.04129,down,-0.35614381022527536
O43676,NDUFB3,632.75,888.93,1.4,0.04177,down,-0.48542682717024166
C9JFV4,PELP1,296.23,383.23,1.29,0.04289,down,-0.36737106564852945
Q5JTZ9,AARS2,905.91,1152.73,1.27,0.04309,down,-0.34482849699744117
Q9ULG6,CCPG1,26.84,45.87,1.71,0.04313,down,-0.7739963251111731
Q9BWF3,RBM4,106.36,139.05,1.31,0.0435,down,-0.3895668117627256
E9PR30,FAU,182.7,295.32,1.62,0.04362,down,-0.6959938131099002
O94929,ABLIM3,558.81,736.3,1.32,0.04386,down,-0.4005379295837288
O95139,NDUFB6,1285.82,1611.76,1.25,0.04495,down,-0.32192809488736235
O60563,CCNT1,19.04,24.51,1.29,0.04542,down,-0.36737106564852945
Q13627,DYRK1A,206.01,259.04,1.26,0.04595,down,-0.3334237337251918
A8CG34,POM121C,153.47,195.31,1.27,0.04671,down,-0.34482849699744117
O75964,ATP5MG,1412.52,1819.9,1.29,0.04704,down,-0.36737106564852945
Q5VST6,ABHD17B,29.79,42.1,1.41,0.04774,down,-0.49569516262406876
Q03001,DST,159.52,215.65,1.35,0.04826,down,-0.43295940727610627
O15042,U2SURP,1291.63,1624.79,1.26,0.04839,down,-0.3334237337251918
O60907,TBL1X,27.97,35.49,1.27,0.04851,down,-0.34482849699744117
O15523,DDX3Y,98.58,187.93,1.91,0.049,down,-0.9335726382610239
Q15696,ZRSR2,61.37,82.41,1.34,0.04906,down,-0.4222330006830478
P11169,SLC2A3,1.3,0.04975,1.2,0.05,down,-0.2630344058337938
