analysis_block,workflow_run,artifact_id,digest_or_commit,durable_path,notes
original_effect_vectors_and_PD_replication,36131301979,10864609217,sha256:d9e3092ee1d364576c6711443578bd2dec465213be2661f12e9ed539d51b27c7,publication/source_data/original_replication/,clean-room artifact; exact preserved files
frozen_replication_figure_source_tables,,,release notebook cells 84-86,publication/source_data/original_replication/*_frozen_source_data.csv,exact hard-coded publication source values from archived release notebook
GSE157827_clustering_sensitivity,36186876350,10887965528,sha256:a692a210e8fc0c7329f483cf98853933f88d600f547d74777f916a42b7f9fad5,publication/source_data/gse157827_clustering_sensitivity/,default-vs-exact donor-effect and AD-replication sensitivity
AD_PD_2x2_matrix,36142383845,10868790506,sha256:b8f249d4b2ce8fd306d053cb1bb2cbbe469bf817721b5e109093f23a9fc109a7,publication/source_data/glial_cross_cohort_matrix.csv,16 cross-cohort comparisons
independent_pair_bootstrap,36135599890,10863442549,sha256:d848e3e0390742999cf74f67c79608658c708f90a2c6f8a6d3cae980eb8ddf77,publication/source_data/independent_pair_bootstrap/,B=500 per glial class
vascular,36142316148,10867267704,sha256:ceead1f0f1bca97f0981a74f451e41b562c08655818e9845fdadfc6049562bc3,publication/source_data/vascular/,exploratory vascular block
GSE157827_author_Endo,36147039005,10869811622,sha256:db4d7086fde3887bcc36d2b85a21f4ecf7c777f2b601b4e177557ec0bcf8b5d6,publication/source_data/gse157827_author_endo_sensitivity/,author-Endo sensitivity only
PXD040225,36192274476,,commit 0591e45,publication/source_data/pxd040225_ad_retina/,independent human AD-retina sensitivity
pathway_multimodal,36199325802,,commit 7cf73c1,publication/source_data/pathway_multimodal/,"verified pathway, ocular and candidate source data; global candidate-pathway count 69296 vs archival 69297"
