figure_order,pathway,pathway_rank,priority_group,n_pathways_represented,n_convergent_FDR_celltypes,n_same_direction_celltypes,shared_candidate_genes,Astro_AD_NES,Astro_PD_NES,Astro_AD_FDR,Astro_PD_FDR,Micro_AD_NES,Micro_PD_NES,Micro_AD_FDR,Micro_PD_FDR,OPC_AD_NES,OPC_PD_NES,OPC_AD_FDR,OPC_PD_FDR,Oligo_AD_NES,Oligo_PD_NES,Oligo_AD_FDR,Oligo_PD_FDR
1,Glycogen storage diseases,1,R2_single_celltype_AD_PD_FDR,4,1,4,GAA;G6PC3;UBA52;SLC37A4;GYG1;PPP1R3C,-1.8596830182522075,-1.8428353995410056,0.0365821795096945,0.0088222671033835,-1.2132045654598196,-1.2211364853379223,0.8510245313182031,0.3146351543755899,-1.4046727035991835,-1.5790105684228526,0.3130145256385206,0.2020989486148836,-1.6439404955000485,-1.4402588402838612,0.7858447467786529,0.2031563956497347
2,Metabolism of amino acids and derivatives,2,R2_single_celltype_AD_PD_FDR,16,1,4,PSMC3;HSD17B10;CKB;GSTZ1;ECHS1;PSMD7;PSMB2;PSMA4;RPS3;RPS3A;RPS14;OAT;GSR;GLUD1;GCDH;AZIN2;PSMD2;RPL15;RPS6;PSMD8;PIPOX;GOT1;SAT1;RPS4Y1;DDO;NMRAL1;SECISBP2;PSMB3;PSMB7;CSAD;AADAT;PSMC4;SLC25A12;SERINC5;SIRT5;EEFSEC;SDSL;RPL27;RIMKLA;ASL;UBA52;RPS15A;RPL23;PSMC1;PSMC5;BCKDK;RPS27A;RPS9;SERINC3;PSMD13;PSMB4;AASS;RPLP0;CDO1;AIMP2;RPL4;SUOX;MCCC2;MTR;RPL6;PSMD14;AIMP1;ASRGL1;RPS5;GAMT;ALDH9A1;MCCC1;SLC25A44;ODC1;SLC25A10;RPL19;CBS;RPL10;RPS13;CARNS1;FAU;RPL29;DUOX1;RPS11;RPS4X;SLC25A15;BCAT1;DMGDH;RPL8;RPL18;FAH;GOT2;APIP;RPS16;PSMD12;RPSA;RPL14;PSMA5;PHYKPL;ADI1;RIMKLB;RPL10A;GLUL;PSMC6;SDS;HYKK;FOLH1;GLUD2;RPL7A;RPL36;RPS15;RPL3;RPL13;HAAO;RPL35;ALDH18A1;SLC25A13;PSMD11;PYCR3,-2.0115476727304844,-1.921671726954135,0.0111080748638427,0.0039737146709781,-1.9351620145953368,-0.9765828292668202,0.0274776748811907,0.6652433123135949,-1.9665190911514416,-0.7767838501440719,0.0650648171271082,0.9470549616046724,-1.333703543883649,-1.1772726406869496,0.7173279742477787,0.4683453166821414
3,Cholesterol biosynthesis,3,R2_single_celltype_AD_PD_FDR,2,1,3,MVK;EBP;TM7SF2;MVD;SREBF2;NSDHL;SC5D;ACAT2;DHCR24;HMGCS1;FDPS;FDFT1;PMVK;PLPP6;MSMO1;SREBF1,-0.9277108508315488,-2.24097418603993,0.8469638042195023,8.11673548081995e-05,-1.494223801010298,-1.5703696050046894,0.4714159602773464,0.0747442741853265,-2.582347452656486,-2.065467224822971,0.0,0.0112585982886833,-1.369050794691627,0.5879983407682662,0.7334550969934093,0.9969599944654828
4,SARS-CoV-1 modulates host translation machinery,19,R2_single_celltype_AD_PD_FDR,9,1,2,RPS3;RPS3A;RPS14;RPS6;RPS4Y1;RPS12;RPS15A;RPS27A;RPS9;RPS25;EEF1A1;RPS5;RPS13;FAU;RPS11;RPS4X;RPS27;RPS16;RPSA;RPS24;RPS28;RPS15;RPS18;RPS23;RPS8,-1.86613692486794,-1.6212037798207064,0.0356203071052835,0.0475384242061508,-1.934880377591112,2.0340267434260726,0.0265067323058836,0.0039112846889708,-1.2115556886023258,1.6838000168352725,0.453610085335298,0.1739053099174861,-0.953628591190654,-0.9468623952078956,1.0,0.7639900212368228
5,Attenuation phase,25,R2_single_celltype_AD_PD_FDR,1,1,2,HSP90AA1;DEDD2;HSPH1;PTGES3;DNAJB1;HSPB1;FKBP4;DNAJB6;MRPL18;HSPA1L;EP300;COL4A6;UBB;HSPA8;HSP90AB1,2.230190415594936,-1.1470438610179112,0.0057368958331575,0.407551465063645,2.325462983431777,0.910325491001952,0.0029552599644853,0.7932435910207581,2.085909259940045,-1.075709143803317,0.0098149823476195,0.7152115316654897,2.2801984256825505,1.9325658800209915,0.004310850107204,0.0319814001126217
6,Major pathway of rRNA processing in the nucleolus and cytosol,28,R2_single_celltype_AD_PD_FDR,4,1,1,RPL5;RPS3;RPS3A;RPS14;UTP6;RPL15;NOC4L;RPS6;RPS4Y1;LAS1L;RPL27;RPS12;UBA52;RPS15A;RPS27A;RPS9;RPL35A;RPL41;RPS25;RRP9;IMP4;EXOSC8;RPL4;RPL6;CSNK1D;NOL9;RPL19;RPL10;RPS13;FAU;RPL29;RPS11;RPS4X;RPL37A;CSNK1E;RPL8;RPL36AL;EXOSC6;RPL18;RPL31;RPS29;RPS16;RPSA;RPL14;PES1;RPS24;RPL10A;RPS28;DHX37;RPL23A;RPL7A;RPL36;RPS15;RPL38;RPL3;RPL13;BYSL;RPLP1;RPL35;GNL3;BOP1;RPL28;EXOSC5;RPL32;WDR12;UTP14C;RPL30;RPS18;RPS23;RPL21;XRN2;MPHOSPH10;RBM28;FCF1;RPS8;RPL34;RPLP2;RPL9;RPL37;UTP11;RPP25,-1.8906476429657235,-1.891443623997533,0.0303713797371269,0.0054043930409792,-1.5117066669513686,0.9207953866315012,0.4479929042466929,0.7837067681809242,-1.843422979823207,0.8994526500759717,0.0818853338932231,0.8918097135148462,0.6818054009564597,-0.6218488209953399,0.9909526269715524,0.9943185398655716
7,Heme signaling,30,R3_recurrent_directional,6,0,4,NFE2L2;NR1D1;ATF2;PGRMC2;RXRA;CREB1;CLOCK;NCOA1;NPAS2;SLC46A1;SIRT1;EP300;NRIP1;SMARCD3;NCOA2;HDAC3;CRTC3;XPO1;TBL1XR1;TBL1X;CHD9;LY96;PPARA;MAFK;TGS1;RORA;RAI1;CREBBP;NCOR1,1.9090485634685648,1.6129674933600866,0.0426442590264712,0.2871897527667783,1.3802106942614696,1.6751478883068418,0.593060054154988,0.0693158174609122,1.942614100965625,1.722842552495333,0.055981751167904,0.1773718690050892,1.7115365248700254,2.35430168913563,0.3232503631857849,0.0
8,Interferon alpha/beta signaling,32,R3_recurrent_directional,1,0,4,KPNB1;PTPN11;HLA-E;OAS1;HLA-C;IFI6;STAT1;IRF7;EIF2AK2;RSAD2;MX1;IFIT1;UBA52;HLA-B;STAT2;IRF3;PTPN1;IFIT3;USP18;EGR1;MX2;OAS3;SAMHD1,-1.3607659204688056,-2.296013166375317,0.4616206833081656,7.854905304019306e-05,-1.7439856990261462,-2.043455789861992,0.1391037062889962,0.0032634945499641,-1.9569473779395032,-1.9501398274739108,0.0500588773212166,0.0194364856028513,-0.8311065380223506,-0.705731025916391,1.0,0.9887899092409312
9,Cohesin Loading onto Chromatin,34,R3_recurrent_directional,2,0,4,PDS5B;PDS5A;NIPBL;RAD21;STAG1;STAG2;SMC3;SMC1A;WAPL,1.4441839211717955,1.48117144519972,0.2389332249187152,0.4340436939246029,0.8583255972208244,1.45098868048847,1.0,0.1976236995043672,1.3853853110837828,1.5863079429945646,0.5934674761841429,0.2098604898844682,1.4528025316764055,1.774005798957251,0.6008488615839536,0.0766366073121275
10,Gluconeogenesis,38,R3_recurrent_directional,2,0,4,GAPDH;PGAM1;G6PC3;SLC37A4;TPI1;ENO2;GPI,-1.507566673411284,-1.3621235156388023,0.3033807619796348,0.1847184293103219,-1.10606533821085,-1.7099981336878427,0.8672170834065912,0.0337672266116329,-1.644939474989911,-1.7578686409159152,0.1353709667450112,0.0886183463099818,-1.3249575126036277,-1.8562180037479976,0.7083374070102693,0.0364067525839516
11,Glycosphingolipid catabolism,39,R3_recurrent_directional,3,0,4,SUMF2;ARSG;ARSD;GLA;STS;CTSA;GBA2;GLB1;SMPD1;ARSI;GLB1L;NEU4;NEU3;M6PR;GLB1L2;GM2A,-1.754660436289022,-1.111106563556444,0.0763447435823608,0.4599367091368095,-1.6834107359374817,-1.0291183734104234,0.2035690731680146,0.583730648879554,-1.6982940232642367,-1.9333519635730607,0.1065377911526637,0.0221811190165104,-1.9370368071373325,-1.5292804554235229,0.5057685913523509,0.1518384379550613
12,RAC3 GTPase cycle,40,R3_recurrent_directional,3,0,4,SNAP23;EPHA2;RAPGEF1;VAMP3;RACGAP1;JAG1;SLITRK5;TMPO;ARHGAP39;ARHGAP5;PGRMC2;NHS;NCKAP1;ARAP2;ARHGAP17;LEMD3;ARHGAP32;CYFIP1;ARHGAP21;CAV1;ARHGAP15;NOXA1;NCKAP1L;VRK2;TRIO;SWAP70;ARHGAP35;VANGL1;TAOK3;ERBIN,1.728756307072649,1.438093988214024,0.0861149042384331,0.4832810067434934,-0.8485285684200197,-0.7638066803713118,1.0,0.9303010195662912,1.3285505812229197,1.535130442623737,0.6319364579553258,0.247831276718242,1.2987925696264666,1.705834189291368,0.644778022324934,0.0858979467215424
13,Vif-mediated degradation of APOBEC3G,41,R3_recurrent_directional,93,0,4,PSMC3;ADRM1;PSMD7;PSMB2;PSMB6;PSMA4;PSMD2;PSMD8;PSMB3;PSMB7;PSMC4;PSMD3;UBA52;PSMC1;PSMC5;PSMD13;PSMB4;PSMD14;PSMD1;PSMD12;PSMA7;PSMA5;PSMC6,-1.2719048512762785,-2.3803694053061983,0.5083778957739632,0.0,-1.4309913841895474,-1.8649020206992435,0.5698947445764985,0.0120933644024927,-1.704190390144896,-1.0215578433257575,0.1067045632898688,0.7603949695233271,-1.3054902412468588,-1.6546166991788365,0.7591519136681354,0.0963177674047157
14,Interferon Signaling,43,R3_recurrent_directional,3,0,4,IKBKG;KPNB1;CAMK2A;PTPN11;NCK1;EIF3J;HLA-E;TRIM3;IFIH1;HSPA1A;HERC5;OAS1;HLA-C;IFI6;STAT1;FAAP100;FKBP5;RPS27L;NEDD4;RPS6;FANCM;TRIM8;BECN1;RPS4Y1;TUBA1C;IRF7;NUP93;EIF3E;NUP107;NUP214;EIF2AK2;SEH1L;RSAD2;PIM1;MX1;CD44;TUBB4A;UBA7;IFIT1;MAPT;FANCA;UBA52;RPS15A;RPS27A;TUBA1B;HLA-B;SMAD7;SEC13;FANCC;MAPK3;KPNA2;NDC1;NUP43;PTPN2;DDX58;STAT2;JAK2;HLA-DPB1;IFI44;EIF3L;ILF3;DNAJC3;IRF3;EIF3B;PIAS1;IKBKB;NUP133;NUP88;EIF4A2;IFI44L;IFIT3;TUBB4B;HLA-F;USP18;FANCB;ISG20;RANBP2;ACTG1;MT2A;RPSA;RNASEL;SKP1;IFIT5;PRKRA;EIF3A;EGR1;SOCS3;GBP4;MX2;OAS3;TUBB8;TRIM45;TRIM38;SAMHD1;NUP98;DHX9;TPR;EIF2S3;JAK1,-1.231501401692399,-1.9228556871230973,0.5658891153425594,0.0039381198073607,-1.2675752388956218,-1.6087128632264054,0.8353868550120318,0.0592018308204425,-1.3178876897798577,-1.512359289237177,0.3702306458791644,0.2467843381487278,1.1225876773560275,0.6980396565491344,0.7553943698568939,0.9718020565428702
15,"Gamma carboxylation, hypusinylation, hydroxylation, and arylsulfatase activation",45,R3_recurrent_directional,2,0,4,SUMF2;ARSG;RPS6;ARSD;DPH6;F8;SUMF1;STS;EIF5A2;RCCD1;EEF2;DPH2;FN3KRP;ARSI;ARSA;FN3K;RIOX2,-1.3467963200752833,-1.1952013897222749,0.47376135884808,0.3476266891346783,-1.3993808428938703,-1.2886870708274087,0.611028322219977,0.2472217397809722,-1.6175094480027208,-1.396241605643771,0.1551259020813148,0.3569798392840163,-1.2123344829680798,-0.9086235387433096,0.8440594027697437,0.8277841866026402
16,Sulfur amino acid metabolism,46,R3_recurrent_directional,2,0,4,GOT1;CSAD;CDO1;TXN2;SUOX;MTR;SLC25A10;CBS;GOT2;APIP;ADI1,-1.232932542043352,-1.6014734904484624,0.5674611865822425,0.0533473699839543,-1.2504575570185357,-1.2601080445079624,0.8399985210451971,0.2736983188620893,-1.0436509757887176,-1.5664940270738374,0.6493678841728537,0.2170598936484994,-1.5734991654254846,-1.6626794156203075,0.6595385582393157,0.0975481285377516
17,Citric acid cycle (TCA cycle),47,R3_recurrent_directional,2,0,4,ISCU;IDH3G;NFS1;SIRT3;CS;SUCLG2;IDH3B;ACO2;SUCLG1;OGDH;SDHAF1;MDH2;FH;IDH3A;ISCA2;SDHAF3;SUCLA2;IDH2,-1.0165923991446968,-1.8925425449049984,0.7577256873057898,0.0053351575913254,-1.2417219686378491,-1.936484468814775,0.8422906944424787,0.0074923104186421,-1.591752330436949,-1.4471834585610588,0.1673705351255819,0.3116069134563751,-1.1686147156014934,-1.8361405607397927,0.9022826332914388,0.0424225032919869
18,Amino acid transport across the plasma membrane,48,R3_recurrent_directional,2,0,4,SLC38A2;SLC7A11;SLC6A6;SLC6A12;SLC7A9;SLC16A10;SLC7A1;SLC36A1;SLC7A2;SLC7A6;SLC7A10;SLC1A4,1.7658970278527306,1.1960952901191289,0.0747542470085793,0.5969444174821494,1.0465219092247393,1.367279425936108,0.8952736428529879,0.2638440248325959,-1.212017470595955,-1.455937553125333,0.453981706687116,0.3055682759414174,2.199773565788716,1.4007476625592648,0.0059274188974055,0.2550647467761873
19,Signaling by TGF-beta Receptor Complex,49,R3_recurrent_directional,5,0,4,TGFBR3;ITGAV;WWTR1;PARD3;TGIF1;TGFB2;NEDD4L;SMAD2;MAPK1;SMAD3;ITGB8;E2F5;UBE2D1;SMAD7;E2F4;PPP1CB;EP300;TFDP2;CCNK;TGFBR2;XPO1;SKI;PPP1CC;USP15;ZFYVE9;CCNT2;LTBP2,1.2227062760653098,0.8758242443450384,0.4195044960824569,0.9349026520891328,1.495990955152257,1.3750882715490114,0.4925600237982038,0.2614817669295896,0.9930621521595706,1.166689889025059,0.8976218666347147,0.5828295276622898,1.5869468610975774,1.5273763444904644,0.6249870485424411,0.1685833044030959
20,Translation,50,R3_recurrent_directional,1,0,4,PSMC3;SRP14;VCP;PSMD7;PSMB2;PSMA4;MRRF;EIF3J;RPS3A;MRPS14;MRPL2;APEH;MRPL55;MRPL23;PSMD2;MRPS7;RPL15;TUFM;MRPL41;EEF1B2;MRPS18A;MRPS25;RPS6;PSMD8;MRPS21;MRPS34;RPS4Y1;WARS2;PSMB3;MRPL9;PSMB7;EIF3E;PSMC4;MRPL37;PSMD3;ASCC2;MRPL54;MRPL24;TCF25;PPA1;RPL27;MRPL20;MRPL40;AURKAIP1;MRPL32;MRPL27;RPS12;SSR4;UBA52;RPL23;PSMC1;OXA1L;PSMC5;RPS27A;RPS9;PSMD13;PSMB4;MRPS18B;GFM1;EEF2;RPLP0;AIMP2;MRPL43;RBX1;PABPC1;TARS2;SEC11A;EIF5B;SPCS2;EIF3L;RPL6;EEF1A1;EIF3B;MTFMT;PSMD14;AIMP1;LARS2;MTIF3;KLHDC10;MRPL45;SSR2;EIF4A2;RPL19;RPL10;EEF1A2;MRPS15;RPS11;EIF2B4;RPL18;MRPL16;SRPRA;FARSB;MRPL35;MRPL33;MRPL49;SRPRB;PSMD12;RPSA;RPL14;MRPL21;MRPL10;PSMA5;MRPL4;EIF2B2;RPL10A;SEC61A2;EIF3K;EIF4H;EIF3A;UBE2D2;PSMC6;MRPL34;RPL7A;RPL3;RPL13;NDUFAB1;RPL27A;MRPS26;SRP68;FARSA;CARS2;LTN1;AARS2;MRPL42;EIF2S3;ELOB,-1.7715914121009853,-2.369371713015308,0.0751377488555354,6.407949063805223e-05,-1.479205853190171,-1.326928702786439,0.4580791873722135,0.2112857430146866,-1.6519541869704824,-0.6292771651046136,0.1329539055955241,0.9817261208707548,-1.033387027235384,-1.670771259696064,1.0,0.0991391598481181
21,Diseases associated with the TLR signaling cascade,52,R3_recurrent_directional,3,0,4,IKBKG;TLR10;RELA;TLR5;HMGB1;IKBKB;LY96;CD36;NFKBIA;NFKB1;BTK;TLR3;TLR2,1.360800661775194,1.2199020247647967,0.2700010796813366,0.6055527845466545,-1.1315700487456162,-1.3207330006705902,0.8807563031243558,0.2166036840929619,1.0394751031536218,1.2002326471665337,0.8638995586939426,0.5440309935179717,1.2722567657485846,1.753215304046984,0.656700454186217,0.0774408581065013
22,Defective pyroptosis,55,R3_recurrent_directional,2,0,4,PRIM1;EED;DNMT1;SUZ12;RBBP4;PRIM2;DNMT3A;GSDME,1.0414181723159464,1.1232171170624892,0.6615981517604322,0.6738429439363941,-0.7365987956025545,-1.5483101744923409,0.9838451966001968,0.0844463861843494,1.5157261013410144,1.2664943996940434,0.5845821662135438,0.4796223445263646,1.5739041610449207,1.2947883919131165,0.5924445897331615,0.3258461975680213
23,Constitutive Signaling by Aberrant PI3K in Cancer,56,R3_recurrent_directional,6,0,4,EGFR;KIT;NTRK2;FGFR1;HGF;ERBB3;IRS1;IRS2;PIK3CA;FGF2;GAB1;NRG3;STRN;ERBB4;TGFA;NTRK3;PIK3AP1;FYN,1.4303897974620856,0.8824918763881499,0.2387733460298223,0.9240971154512504,1.1811924812531094,2.192275049847171,0.7902087411351386,0.0009513935729929,1.1231447864006692,1.1219269711668305,0.8037346015474011,0.6498880091028761,1.3319129942894048,1.3354869963569136,0.6269369789367975,0.2967609514997651
24,Spry regulation of FGF signaling,58,R3_recurrent_directional,5,0,4,PTPN11;MAPK1;UBA52;MAPK3;BRAF;UBC;PPP2R1A;GRB2;MKNK1,-1.1763290468411531,-1.516418154198262,0.6325433547671397,0.0905434277995533,-1.105691030701844,-1.3481570479658154,0.8646677320793305,0.1949139599598131,-1.2202095482638222,-1.3652704454081557,0.4506418009818313,0.3629305272846312,-0.9020438025390164,-0.6910221703302566,1.0,0.9859518684182824
25,ESR-mediated signaling,59,R3_recurrent_directional,3,0,4,CDKN1B;POLR2C;HSP90AA1;EGFR;IGF1R;CXCL12;EGF;FKBP5;PPID;PIK3CA;POLR2H;ATF2;CREB1;ERBB4;RAD21;STAG1;NCOA1;PTGES3;HSPB1;CAV2;FKBP4;STAG2;EP300;GNAI3;KCTD6;RUNX1;NRIP1;ZDHHC21;SMC3;NCOA2;ZNF217;XPO1;YY1;CAV1;FOS;ESR1;DDX5;SMC1A;GTF2F2;CREBBP;S1PR3;GREB1;AKT3;CHD1,1.2298728108859722,1.0371802254890288,0.4186477532637476,0.7630243816109865,1.2926456335580383,1.1053094646338495,0.6777461857663374,0.5737897639559719,1.2782740180069907,1.220877009449965,0.6410666395078655,0.5363845031617148,1.1748879228312836,1.660564378618914,0.7330634285816925,0.1018768885487666
26,SARS-CoV-2-host interactions,60,R3_recurrent_directional,4,0,4,IKBKG;PTPN11;SNRPD2;HSP90AA1;RPS3A;SNRPD3;IFIH1;HLA-C;STAT1;RPS27L;TUFM;TKFC;RPS6;TRAF6;BECN1;RPS4Y1;IRF7;NUP93;G3BP2;SNRPF;LARP1;NUP107;NUP214;SEH1L;UBA52;RPS15A;RPS27A;SEC13;KPNA2;NDC1;NUP43;NUP153;STAT2;YWHAB;ATG14;IRF3;NUP133;NUP88;HLA-F;YWHAH;IRAK2;RANBP2;RPSA;SNRPE;VPS11;CREBBP;VPS39;NLRP3;NOD1;SEC24D;NUP98;TPR,-1.2746001416595905,-1.4455619788815504,0.5332198770804887,0.127989295052109,-1.0850014084472002,-1.4269488698231885,0.8899633238876786,0.1458448011342043,-1.1922736596752208,-1.2510378003338518,0.4721695643670904,0.4938259664447778,0.8575638081770978,0.9696345362742635,0.9521504641546692,0.7038128998725338
27,Aerobic respiration and respiratory electron transport,63,R3_recurrent_directional,2,0,4,NDUFB10;GSTZ1;NDUFS4;NDUFB11;PKM;COX5B;UQCRB;ETFB;UQCRQ;COX4I1;NDUFS3;IDH3G;UQCR10;L2HGDH;ETFA;NDUFS6;RMND5B;GOT1;SIRT3;COX20;COX7A2L;NDUFA10;COX11;SLC25A12;SUCLG2;SFXN4;PDK4;BCS1L;COQ10A;NDUFB9;UBA52;OXA1L;RPS27A;NDUFV1;COX18;PYURF;D2HGDH;GLO1;NDUFB1;LETM1;SUCLG1;CYCS;SLC25A22;NDUFS5;SDHAF1;COX6B1;FH;SLC25A14;GOT2;COX5A;PDK3;NDUFA12;IDH3A;SLC25A11;COX7A2;COQ10B;LDHA;NDUFA3;COX7B;NDUFAB1;PDHB;ME1;SLC25A13;SCO1;IDH2;DMAC2;ATP5MC1;ATP5F1D;ATP5PB,-1.1859840616210606,-2.5221567187225804,0.6303475933773574,0.0,-1.005123522539385,-1.8689462875467384,0.988939339202937,0.0117407270507398,-1.319590908267818,-1.4490497047982258,0.3698281925956683,0.3101228465500941,-1.0487654369371264,-2.069080331556442,1.0,0.0061835695701276
28,Mitochondrial protein degradation,66,R3_recurrent_directional,1,0,4,HSD17B10;UQCRQ;COX4I1;TIMM10;LDHD;NDUFS3;BDH1;SPG7;PRKACA;AFG3L2;SUCLG2;MRPL32;SLC25A5;PMPCA;CHCHD2;NDUFV1;STARD7;PCCB;MDH2;FH;COX5A;IDH3A;OXCT1;TRIAP1;ALDH18A1;PDHB;IDH2,-1.1517508686461275,-2.38916040366366,0.6693287381876966,0.0,-0.8818022995446771,-1.4415711376368423,1.0,0.1368849849299266,-1.3616787974819655,-1.3359076734537871,0.34376256521091,0.3998928597459424,-1.0726995565403812,-1.5125768173533805,1.0,0.1608986539024522
29,Complex IV assembly,67,R3_recurrent_directional,1,0,4,COX4I1;COX7C;COX20;COX7A2L;COX11;COQ10A;COX18;COA3;COX6B1;TACO1;COX5A;COX7A2;COQ10B;COX7B;SCO1,-1.686410378161992,-1.9596066213753192,0.1139502312177803,0.0026927418073231,-0.6910400453457873,-1.2674452623418884,1.0,0.2644905796467892,-1.5037518394655631,-0.9600951588843308,0.2376346880135917,0.8009987786656245,-1.263721842813692,-1.8585263639545768,0.8065262478001431,0.0368711781282612
30,Signaling by PDGF,69,R3_recurrent_directional,1,0,4,RAPGEF1;PDGFC;PIK3CA;SOS1;COL6A6;CRKL;CRK;COL4A2;RASA1;STAT6;COL5A1;COL5A3;COL6A2,1.7603554627094518,1.3512289221756395,0.0736430097766553,0.5462785833949785,1.08149985804862,1.3292049704139122,0.853895404886172,0.313776161708049,1.022120627285122,1.090992422215514,0.888584562446856,0.6826047208673249,1.1403539123965778,1.332375045981398,0.7588619851216994,0.2989019995355606
