figure_order,pathway_rank,pathway,priority_group,n_cell_types_present,cell_types,n_same_direction_celltypes,n_both_FDR05_celltypes,n_convergent_FDR_celltypes,best_cell_type,best_NES_AD,best_NES_PD,best_FDR_AD,best_FDR_PD,best_joint_FDR,median_NES_AD,median_NES_PD,median_conservative_abs_NES,max_conservative_abs_NES,shared_leading_edge_n,shared_leading_edge_genes,union_leading_edge_n,union_leading_edge_genes,candidate_genes_n,candidate_genes,shared_candidate_genes_n,shared_candidate_genes,best_candidate_rank,n_pathways_represented
1,1,Glycogen storage diseases,R2_single_celltype_AD_PD_FDR,4,Astro;Micro;OPC;Oligo,4,1,1,Astro,-1.8596830182522075,-1.8428353995410056,0.0365821795096945,0.0088222671033835,0.0365821795096945,-1.524306599549616,-1.509634704353357,1.4224657719415224,1.8428353995410056,6,G6PC3;GAA;GYG1;PPP1R3C;SLC37A4;UBA52,12,EPM2A;G6PC3;GAA;GBE1;GYG1;GYS1;PPP1R3C;RPS27A;SLC37A4;UBA52;UBB;UBC,12,GAA;G6PC3;UBA52;RPS27A;SLC37A4;GYS1;EPM2A;UBC;GBE1;GYG1;UBB;PPP1R3C,6,GAA;G6PC3;UBA52;SLC37A4;GYG1;PPP1R3C,37,4
2,2,Metabolism of amino acids and derivatives,R2_single_celltype_AD_PD_FDR,4,Astro;Micro;OPC;Oligo,4,1,1,Astro,-2.0115476727304844,-1.921671726954135,0.0111080748638427,0.0039737146709781,0.0111080748638427,-1.9508405528733888,-1.0769277349768849,1.0769277349768849,1.921671726954135,114,AADAT;AASS;ADI1;AIMP1;AIMP2;ALDH18A1;ALDH9A1;APIP;ASL;ASRGL1;AZIN2;BCAT1;BCKDK;CARNS1;CBS;CDO1;CKB;CSAD;DDO;DMGDH;DUOX1;ECHS1;EEFSEC;FAH;FAU;FOLH1;GAMT;GCDH;GLUD1;GLUD2;GLUL;GOT1;GOT2;GSR;GSTZ1;HAAO;HSD17B10;HYKK;MCCC1;MCCC2;MTR;NMRAL1;OAT;ODC1;PHYKPL;PIPOX;PSMA4;PSMA5;PSMB2;PSMB3;PSMB4;PSMB7;PSMC1;PSMC3;PSMC4;PSMC5;PSMC6;PSMD11;PSMD12;PSMD13;PSMD14;PSMD2;PSMD7;PSMD8;PYCR3;RIMKLA;RIMKLB;RPL10;RPL10A;RPL13;RPL14;RPL15;RPL18;RPL19;RPL23;RPL27;RPL29;RPL3;RPL35;RPL36;RPL4;RPL6;RPL7A;RPL8;RPLP0;RPS11;RPS13;RPS14;RPS15;RPS15A;RPS16;RPS27A;RPS3;RPS3A;RPS4X;RPS4Y1;RPS5;RPS6;RPS9;RPSA;SAT1;SDS;SDSL;SECISBP2;SERINC3;SERINC5;SIRT5;SLC25A10;SLC25A12;SLC25A13;SLC25A15;SLC25A44;SUOX;UBA52,255,AADAT;AANAT;AASS;ACAD8;ACADSB;ACAT1;ADI1;ADO;ADRM1;AFMID;AGMAT;AHCY;AIMP1;AIMP2;ALDH18A1;ALDH7A1;ALDH9A1;AMD1;AMDHD1;APIP;ARG2;ASL;ASPA;ASRGL1;AZIN1;AZIN2;BCAT1;BCAT2;BCKDHB;BCKDK;BHMT2;CARNMT1;CARNS1;CBS;CDO1;CHDH;CKB;CKMT1A;CKMT2;CPS1;CRAT;CRYM;CSAD;CTH;DAO;DBT;DCT;DDO;DHTKD1;DIO1;DIO2;DLD;DLST;DMGDH;DUOX1;DUOXA1;ECHS1;EEFSEC;ENOPH1;ETHE1;FAH;FAU;FOLH1;GAMT;GATM;GCDH;GLDC;GLS;GLUD1;GLUD2;GLUL;GOT1;GOT2;GPT;GPT2;GRHPR;GSR;GSTZ1;HAAO;HIBADH;HNMT;HPD;HSD17B10;HYKK;IL4I1;IVD;KMO;KYAT1;KYAT3;MCCC1;MCCC2;MPST;MRI1;MTR;MTRR;NAT8L;NMRAL1;NNMT;OAT;OAZ2;ODC1;OGDH;PAH;PAOX;PAPSS1;PAPSS2;PCBD1;PHGDH;PHYKPL;PIPOX;PNMT;PPM1K;PRODH;PSMA1;PSMA3;PSMA4;PSMA5;PSMA7;PSMB1;PSMB2;PSMB3;PSMB4;PSMB5;PSMB6;PSMB7;PSMC1;PSMC2;PSMC3;PSMC4;PSMC5;PSMC6;PSMD1;PSMD11;PSMD12;PSMD13;PSMD14;PSMD2;PSMD3;PSMD6;PSMD7;PSMD8;PSTK;PYCR1;PYCR3;QDPR;RIDA;RIMKLA;RIMKLB;RPL10;RPL10A;RPL11;RPL12;RPL13;RPL13A;RPL14;RPL15;RPL18;RPL18A;RPL19;RPL21;RPL22;RPL23;RPL23A;RPL24;RPL26L1;RPL27;RPL27A;RPL28;RPL29;RPL3;RPL30;RPL31;RPL32;RPL34;RPL35;RPL35A;RPL36;RPL36AL;RPL37;RPL37A;RPL38;RPL39;RPL39L;RPL4;RPL41;RPL5;RPL6;RPL7;RPL7A;RPL8;RPL9;RPLP0;RPLP1;RPLP2;RPS11;RPS12;RPS13;RPS14;RPS15;RPS15A;RPS16;RPS18;RPS2;RPS21;RPS23;RPS24;RPS25;RPS26;RPS27;RPS27A;RPS28;RPS3;RPS3A;RPS4X;RPS4Y1;RPS5;RPS6;RPS7;RPS8;RPS9;RPSA;SAT1;SDS;SDSL;SECISBP2;SEPHS2;SEPSECS;SERINC1;SERINC2;SERINC3;SERINC5;SIRT5;SLC22A4;SLC25A10;SLC25A12;SLC25A13;SLC25A15;SLC25A21;SLC25A44;SLC44A1;SLC44A2;SLC45A2;SLC6A11;SLC7A5;SMOX;SMS;SQOR;SRM;SRR;SUOX;TP53;TST;TXN2;TXNRD1;UBA52,255,PSMC3;HSD17B10;CKB;ADRM1;GRHPR;IVD;GSTZ1;ECHS1;PSMD7;PSMB2;PSMB6;PSMA4;PSMA1;DLST;RPL5;RPS3;GATM;PSMB5;ACAD8;HIBADH;ACAT1;CTH;RPS3A;RPS14;OAT;CRAT;PAPSS1;GSR;GLUD1;HPD;GCDH;DAO;SEPSECS;AZIN2;PSMD2;RPL15;RPS6;PSMD8;PIPOX;GOT1;SAT1;RPS4Y1;DDO;NMRAL1;SECISBP2;PSMB3;PSMB7;CSAD;AADAT;PSMC4;SLC25A12;PSMD3;SERINC5;OAZ2;MTRR;SIRT5;EEFSEC;SDSL;RPL27;CHDH;RIMKLA;ASL;RPS12;UBA52;RPS15A;RPL23;PSMC1;PSMC5;BCKDK;RPS27A;RPS9;AHCY;RPL35A;RPS21;RPL41;BCKDHB;SERINC3;PSMD13;PSMB4;RPS25;SMOX;AASS;PAOX;RPLP0;CDO1;AIMP2;NAT8L;TXN2;RPL4;SUOX;MCCC2;MTR;QDPR;AMD1;RPL6;CARNMT1;PSMD14;AIMP1;ASRGL1;RPS5;GAMT;RPL7;ALDH9A1;PSTK;MCCC1;OGDH;PSMD1;DHTKD1;SLC25A44;ODC1;DCT;SLC25A10;RPL19;CBS;SLC45A2;ARG2;RPL10;RPS13;CARNS1;DUOXA1;CRYM;FAU;RPL29;DUOX1;PHGDH;RPS11;RPS4X;SLC25A15;BCAT1;RPS27;RPL39;DMGDH;SLC7A5;RPL37A;RPL8;DIO2;SEPHS2;HNMT;RPL36AL;RPL18;RPL31;FAH;GOT2;NNMT;APIP;PCBD1;RPS16;TXNRD1;PSMD12;RPSA;PSMA7;RPL14;RPS24;SLC25A21;PSMA5;PHYKPL;SMS;ADI1;PSMD6;ADO;ETHE1;DLD;SLC22A4;RIMKLB;RPL10A;RPS28;GLUL;SLC6A11;PSMC6;MRI1;SDS;CKMT1A;PAPSS2;ASPA;HYKK;RPL39L;FOLH1;PYCR1;RPS26;GLUD2;RPL23A;RPL7A;RPL36;CKMT2;RPS15;RPL38;RPL3;RPL13;IL4I1;HAAO;RPLP1;RPL35;GPT;RPL28;BHMT2;RPS7;RPL32;TP53;ALDH18A1;CPS1;PAH;SLC44A1;SRM;RPL27A;SLC44A2;ALDH7A1;RPL30;SRR;GLDC;RPL26L1;RPS2;RPL24;RPS18;SLC25A13;PSMD11;RPS23;RPL21;PPM1K;ENOPH1;AMDHD1;ACADSB;AZIN1;RPL12;PSMA3;PSMB1;RPL11;GPT2;RIDA;KYAT3;KYAT1;TST;RPS8;RPL34;RPLP2;RPL22;RPL9;GLS;RPL37;SERINC1;RPL13A;MPST;AFMID;BCAT2;DBT;PSMC2;PYCR3;SQOR;RPL18A;DIO1;AANAT;KMO;AGMAT;PNMT;PRODH;SERINC2,114,PSMC3;HSD17B10;CKB;GSTZ1;ECHS1;PSMD7;PSMB2;PSMA4;RPS3;RPS3A;RPS14;OAT;GSR;GLUD1;GCDH;AZIN2;PSMD2;RPL15;RPS6;PSMD8;PIPOX;GOT1;SAT1;RPS4Y1;DDO;NMRAL1;SECISBP2;PSMB3;PSMB7;CSAD;AADAT;PSMC4;SLC25A12;SERINC5;SIRT5;EEFSEC;SDSL;RPL27;RIMKLA;ASL;UBA52;RPS15A;RPL23;PSMC1;PSMC5;BCKDK;RPS27A;RPS9;SERINC3;PSMD13;PSMB4;AASS;RPLP0;CDO1;AIMP2;RPL4;SUOX;MCCC2;MTR;RPL6;PSMD14;AIMP1;ASRGL1;RPS5;GAMT;ALDH9A1;MCCC1;SLC25A44;ODC1;SLC25A10;RPL19;CBS;RPL10;RPS13;CARNS1;FAU;RPL29;DUOX1;RPS11;RPS4X;SLC25A15;BCAT1;DMGDH;RPL8;RPL18;FAH;GOT2;APIP;RPS16;PSMD12;RPSA;RPL14;PSMA5;PHYKPL;ADI1;RIMKLB;RPL10A;GLUL;PSMC6;SDS;HYKK;FOLH1;GLUD2;RPL7A;RPL36;RPS15;RPL3;RPL13;HAAO;RPL35;ALDH18A1;SLC25A13;PSMD11;PYCR3,17,16
3,3,Cholesterol biosynthesis,R2_single_celltype_AD_PD_FDR,4,Astro;Micro;OPC;Oligo,3,1,1,OPC,-2.582347452656486,-2.065467224822971,0.0,0.0112585982886833,0.0112585982886833,-1.4316372978509624,-1.81791841491383,1.2109673259209233,2.065467224822971,16,ACAT2;DHCR24;EBP;FDFT1;FDPS;HMGCS1;MSMO1;MVD;MVK;NSDHL;PLPP6;PMVK;SC5D;SREBF1;SREBF2;TM7SF2,24,ACAT2;ARV1;DHCR24;DHCR7;EBP;FDFT1;FDPS;HMGCR;HMGCS1;HSD17B7;IDI1;LBR;LSS;MSMO1;MVD;MVK;NSDHL;PLPP6;PMVK;SC5D;SQLE;SREBF1;SREBF2;TM7SF2,24,IDI1;MVK;EBP;DHCR7;TM7SF2;MVD;SREBF2;NSDHL;SC5D;ACAT2;DHCR24;HMGCS1;HMGCR;FDPS;HSD17B7;FDFT1;PMVK;LBR;ARV1;PLPP6;MSMO1;LSS;SQLE;SREBF1,16,MVK;EBP;TM7SF2;MVD;SREBF2;NSDHL;SC5D;ACAT2;DHCR24;HMGCS1;FDPS;FDFT1;PMVK;PLPP6;MSMO1;SREBF1,423,2
4,19,SARS-CoV-1 modulates host translation machinery,R2_single_celltype_AD_PD_FDR,4,Astro;Micro;OPC;Oligo,2,2,1,Astro,-1.86613692486794,-1.6212037798207064,0.0356203071052835,0.0475384242061508,0.0475384242061508,-1.5388463067351328,0.3684688108136884,1.416379734211516,1.934880377591112,25,EEF1A1;FAU;RPS11;RPS12;RPS13;RPS14;RPS15;RPS15A;RPS16;RPS18;RPS23;RPS24;RPS25;RPS27;RPS27A;RPS28;RPS3;RPS3A;RPS4X;RPS4Y1;RPS5;RPS6;RPS8;RPS9;RPSA,33,EEF1A1;FAU;RPS11;RPS12;RPS13;RPS14;RPS15;RPS15A;RPS16;RPS18;RPS19;RPS2;RPS20;RPS21;RPS23;RPS24;RPS25;RPS26;RPS27;RPS27A;RPS27L;RPS28;RPS29;RPS3;RPS3A;RPS4X;RPS4Y1;RPS5;RPS6;RPS7;RPS8;RPS9;RPSA,33,RPS3;RPS3A;RPS14;RPS19;RPS27L;RPS6;RPS4Y1;RPS12;RPS15A;RPS27A;RPS9;RPS21;RPS25;EEF1A1;RPS5;RPS20;RPS13;FAU;RPS11;RPS4X;RPS27;RPS29;RPS16;RPSA;RPS24;RPS28;RPS26;RPS15;RPS7;RPS2;RPS18;RPS23;RPS8,25,RPS3;RPS3A;RPS14;RPS6;RPS4Y1;RPS12;RPS15A;RPS27A;RPS9;RPS25;EEF1A1;RPS5;RPS13;FAU;RPS11;RPS4X;RPS27;RPS16;RPSA;RPS24;RPS28;RPS15;RPS18;RPS23;RPS8,228,9
5,25,Attenuation phase,R2_single_celltype_AD_PD_FDR,4,Astro;Micro;OPC;Oligo,2,1,1,Oligo,2.2801984256825505,1.9325658800209915,0.004310850107204,0.0319814001126217,0.0319814001126217,2.2551944206387438,-0.0826918264006825,1.111376502410614,1.9325658800209915,15,COL4A6;DEDD2;DNAJB1;DNAJB6;EP300;FKBP4;HSP90AA1;HSP90AB1;HSPA1L;HSPA8;HSPB1;HSPH1;MRPL18;PTGES3;UBB,23,COL4A6;CREBBP;DEDD2;DNAJB1;DNAJB6;EP300;FKBP4;HSBP1;HSF1;HSP90AA1;HSP90AB1;HSPA1A;HSPA1B;HSPA1L;HSPA2;HSPA8;HSPB1;HSPH1;MRPL18;PTGES3;SERPINH1;TNFRSF21;UBB,23,HSP90AA1;HSPA1A;SERPINH1;DEDD2;HSF1;TNFRSF21;HSPH1;PTGES3;DNAJB1;HSPB1;FKBP4;DNAJB6;MRPL18;HSPA1L;EP300;HSPA2;CREBBP;COL4A6;HSPA1B;UBB;HSBP1;HSPA8;HSP90AB1,15,HSP90AA1;DEDD2;HSPH1;PTGES3;DNAJB1;HSPB1;FKBP4;DNAJB6;MRPL18;HSPA1L;EP300;COL4A6;UBB;HSPA8;HSP90AB1,192,1
6,28,Major pathway of rRNA processing in the nucleolus and cytosol,R2_single_celltype_AD_PD_FDR,4,Astro;Micro;OPC;Oligo,1,1,1,Astro,-1.8906476429657235,-1.891443623997533,0.0303713797371269,0.0054043930409792,0.0303713797371269,-1.6775648233872875,0.1388019145403159,0.9101240183537364,1.8906476429657235,81,BOP1;BYSL;CSNK1D;CSNK1E;DHX37;EXOSC5;EXOSC6;EXOSC8;FAU;FCF1;GNL3;IMP4;LAS1L;MPHOSPH10;NOC4L;NOL9;PES1;RBM28;RPL10;RPL10A;RPL13;RPL14;RPL15;RPL18;RPL19;RPL21;RPL23A;RPL27;RPL28;RPL29;RPL3;RPL30;RPL31;RPL32;RPL34;RPL35;RPL35A;RPL36;RPL36AL;RPL37;RPL37A;RPL38;RPL4;RPL41;RPL5;RPL6;RPL7A;RPL8;RPL9;RPLP1;RPLP2;RPP25;RPS11;RPS12;RPS13;RPS14;RPS15;RPS15A;RPS16;RPS18;RPS23;RPS24;RPS25;RPS27A;RPS28;RPS29;RPS3;RPS3A;RPS4X;RPS4Y1;RPS6;RPS8;RPS9;RPSA;RRP9;UBA52;UTP11;UTP14C;UTP6;WDR12;XRN2,165,BMS1;BOP1;BUD23;BYSL;C1D;CSNK1D;CSNK1E;DCAF13;DDX21;DDX49;DDX52;DHX37;DIS3;EBNA1BP2;ERI1;EXOSC1;EXOSC10;EXOSC2;EXOSC4;EXOSC5;EXOSC6;EXOSC8;EXOSC9;FAU;FBL;FCF1;FTSJ3;GNL3;HEATR1;IMP3;IMP4;ISG20L2;KRR1;LAS1L;LTV1;MPHOSPH10;MPHOSPH6;MTREX;NCL;NOB1;NOC4L;NOL11;NOL6;NOL9;NOP14;NOP56;NOP58;PDCD11;PELP1;PES1;PNO1;RBM28;RCL1;RIOK1;RIOK2;RIOK3;RPL10;RPL10A;RPL11;RPL12;RPL13;RPL13A;RPL14;RPL15;RPL18;RPL18A;RPL19;RPL21;RPL22;RPL22L1;RPL23;RPL23A;RPL24;RPL26L1;RPL27;RPL27A;RPL28;RPL29;RPL3;RPL30;RPL31;RPL32;RPL34;RPL35;RPL35A;RPL36;RPL36AL;RPL37;RPL37A;RPL38;RPL39;RPL39L;RPL4;RPL41;RPL5;RPL6;RPL7;RPL7A;RPL8;RPL9;RPLP0;RPLP1;RPLP2;RPP14;RPP25;RPP30;RPP38;RPP40;RPS11;RPS12;RPS13;RPS14;RPS15;RPS15A;RPS16;RPS18;RPS19;RPS2;RPS20;RPS21;RPS23;RPS24;RPS25;RPS26;RPS27;RPS27A;RPS27L;RPS28;RPS29;RPS3;RPS3A;RPS4X;RPS4Y1;RPS5;RPS6;RPS7;RPS8;RPS9;RPSA;RRP1;RRP36;RRP7A;RRP9;SNU13;TBL3;TEX10;TSR1;UBA52;UTP11;UTP14A;UTP14C;UTP15;UTP18;UTP20;UTP25;UTP3;UTP4;UTP6;WDR12;WDR18;WDR36;WDR43;WDR46;WDR75;XRN2,165,FBL;RPL5;RPS3;RPS3A;RPS14;RPS19;UTP6;RPS27L;RPL15;NOC4L;RPS6;RPS4Y1;LAS1L;EXOSC1;WDR36;UTP20;RPL27;RPS12;UBA52;RPS15A;RPL23;RPS27A;RPS9;RPL35A;RPS21;RPL41;RPS25;RRP9;IMP4;RPLP0;EXOSC8;SNU13;RPL4;BMS1;RPL6;WDR46;PELP1;RPS5;RPL7;RPS20;DDX49;EXOSC10;TBL3;CSNK1D;RRP36;NOL9;TEX10;RIOK2;DIS3;PDCD11;RPP14;KRR1;WDR75;RPL19;RPL10;RPS13;FAU;RPL29;RPS11;RPS4X;RPS27;RPL39;RPL37A;CSNK1E;RPL8;UTP4;RPL36AL;NOB1;EXOSC6;RPL18;RPL31;RPS29;ISG20L2;RPS16;RPSA;RPL14;FTSJ3;PES1;RPS24;MPHOSPH6;RCL1;RPL22L1;NOL11;RRP1;UTP14A;NOP56;LTV1;RRP7A;EXOSC9;RPP30;RPL10A;RPS28;EBNA1BP2;DDX21;HEATR1;RIOK1;PNO1;DHX37;RIOK3;RPL39L;RPS26;RPL23A;RPL7A;RPL36;RPS15;RPL38;RPL3;RPL13;BYSL;RPLP1;EXOSC2;RPL35;GNL3;BOP1;RPL28;EXOSC5;RPS7;RPL32;UTP15;WDR12;EXOSC4;RPL27A;UTP14C;RPL30;ERI1;NOP58;RPP40;RPL26L1;RPS2;RPL24;RPS18;DCAF13;RPP38;RPS23;RPL21;NOP14;XRN2;RPL12;C1D;UTP18;TSR1;MPHOSPH10;DDX52;IMP3;RPL11;WDR43;NOL6;RBM28;FCF1;UTP25;BUD23;MTREX;RPS8;WDR18;RPL34;NCL;RPLP2;RPL22;RPL9;RPL37;UTP11;RPL13A;UTP3;RPP25;RPL18A,81,RPL5;RPS3;RPS3A;RPS14;UTP6;RPL15;NOC4L;RPS6;RPS4Y1;LAS1L;RPL27;RPS12;UBA52;RPS15A;RPS27A;RPS9;RPL35A;RPL41;RPS25;RRP9;IMP4;EXOSC8;RPL4;RPL6;CSNK1D;NOL9;RPL19;RPL10;RPS13;FAU;RPL29;RPS11;RPS4X;RPL37A;CSNK1E;RPL8;RPL36AL;EXOSC6;RPL18;RPL31;RPS29;RPS16;RPSA;RPL14;PES1;RPS24;RPL10A;RPS28;DHX37;RPL23A;RPL7A;RPL36;RPS15;RPL38;RPL3;RPL13;BYSL;RPLP1;RPL35;GNL3;BOP1;RPL28;EXOSC5;RPL32;WDR12;UTP14C;RPL30;RPS18;RPS23;RPL21;XRN2;MPHOSPH10;RBM28;FCF1;RPS8;RPL34;RPLP2;RPL9;RPL37;UTP11;RPP25,218,4
7,30,Heme signaling,R3_recurrent_directional,4,Astro;Micro;OPC;Oligo,4,0,0,OPC,1.942614100965625,1.722842552495333,0.055981751167904,0.1773718690050892,0.1773718690050892,1.810292544169295,1.6989952204010874,1.662252009115056,1.722842552495333,29,ATF2;CHD9;CLOCK;CREB1;CREBBP;CRTC3;EP300;HDAC3;LY96;MAFK;NCOA1;NCOA2;NCOR1;NFE2L2;NPAS2;NR1D1;NRIP1;PGRMC2;PPARA;RAI1;RORA;RXRA;SIRT1;SLC46A1;SMARCD3;TBL1X;TBL1XR1;TGS1;XPO1,40,ATF2;BACH1;CARM1;CHD9;CLOCK;CREB1;CREBBP;CRTC1;CRTC2;CRTC3;EP300;HDAC3;HELZ2;HMOX1;LY96;MAFK;MED1;MEF2C;MEF2D;NCOA1;NCOA2;NCOA6;NCOR1;NFE2L2;NPAS2;NR1D1;NRIP1;PGRMC2;PPARA;PPARGC1A;RAI1;RORA;RXRA;SIRT1;SLC46A1;SMARCD3;TBL1X;TBL1XR1;TGS1;XPO1,40,NFE2L2;NR1D1;MEF2C;ATF2;PGRMC2;RXRA;CREB1;CLOCK;NCOA1;NPAS2;SLC46A1;SIRT1;EP300;NRIP1;SMARCD3;NCOA2;HDAC3;CRTC3;XPO1;TBL1XR1;TBL1X;CHD9;LY96;PPARA;MAFK;TGS1;BACH1;RORA;RAI1;CRTC2;CREBBP;NCOA6;NCOR1;MED1;HELZ2;CARM1;PPARGC1A;CRTC1;MEF2D;HMOX1,29,NFE2L2;NR1D1;ATF2;PGRMC2;RXRA;CREB1;CLOCK;NCOA1;NPAS2;SLC46A1;SIRT1;EP300;NRIP1;SMARCD3;NCOA2;HDAC3;CRTC3;XPO1;TBL1XR1;TBL1X;CHD9;LY96;PPARA;MAFK;TGS1;RORA;RAI1;CREBBP;NCOR1,626,6
8,32,Interferon alpha/beta signaling,R3_recurrent_directional,4,Astro;Micro;OPC;Oligo,4,0,0,OPC,-1.9569473779395032,-1.9501398274739108,0.0500588773212166,0.0194364856028513,0.0500588773212166,-1.5523758097474758,-1.9967978086679516,1.5523758097474758,1.9501398274739108,23,EGR1;EIF2AK2;HLA-B;HLA-C;HLA-E;IFI6;IFIT1;IFIT3;IRF3;IRF7;KPNB1;MX1;MX2;OAS1;OAS3;PTPN1;PTPN11;RSAD2;SAMHD1;STAT1;STAT2;UBA52;USP18,53,ADAR;BST2;EGR1;EIF2AK2;GBP2;HLA-A;HLA-B;HLA-C;HLA-E;HLA-F;IFI27;IFI35;IFI6;IFIT1;IFIT2;IFIT3;IFITM2;IFITM3;IFNAR1;IP6K2;IRF1;IRF2;IRF3;IRF5;IRF7;IRF8;ISG15;ISG20;JAK1;KPNB1;MX1;MX2;OAS1;OAS2;OAS3;OASL;PSMB8;PTPN1;PTPN11;PTPN6;RNASEL;RPS27A;RSAD2;SAMHD1;SOCS3;STAT1;STAT2;TYK2;UBA52;UBB;UBC;USP18;XAF1,53,KPNB1;PTPN11;HLA-E;IFNAR1;OAS1;HLA-C;IFI6;STAT1;IRF7;EIF2AK2;RSAD2;MX1;IFIT1;UBA52;RPS27A;HLA-B;STAT2;IRF3;PTPN1;IFIT3;HLA-F;ISG15;IFIT2;XAF1;USP18;UBC;ISG20;IFI27;HLA-A;IRF1;IFI35;RNASEL;ADAR;EGR1;SOCS3;GBP2;MX2;OAS3;IFITM3;UBB;BST2;SAMHD1;TYK2;PTPN6;OAS2;IRF2;IP6K2;JAK1;PSMB8;IFITM2;OASL;IRF5;IRF8,23,KPNB1;PTPN11;HLA-E;OAS1;HLA-C;IFI6;STAT1;IRF7;EIF2AK2;RSAD2;MX1;IFIT1;UBA52;HLA-B;STAT2;IRF3;PTPN1;IFIT3;USP18;EGR1;MX2;OAS3;SAMHD1,42,1
9,34,Cohesin Loading onto Chromatin,R3_recurrent_directional,4,Astro;Micro;OPC;Oligo,4,0,0,Astro,1.4441839211717955,1.48117144519972,0.2389332249187152,0.4340436939246029,0.4340436939246029,1.4147846161277893,1.5337396940971422,1.4147846161277893,1.4528025316764055,9,NIPBL;PDS5A;PDS5B;RAD21;SMC1A;SMC3;STAG1;STAG2;WAPL,10,MAU2;NIPBL;PDS5A;PDS5B;RAD21;SMC1A;SMC3;STAG1;STAG2;WAPL,10,PDS5B;PDS5A;NIPBL;RAD21;STAG1;STAG2;SMC3;SMC1A;MAU2;WAPL,9,PDS5B;PDS5A;NIPBL;RAD21;STAG1;STAG2;SMC3;SMC1A;WAPL,1810,2
10,38,Gluconeogenesis,R3_recurrent_directional,4,Astro;Micro;OPC;Oligo,4,0,0,OPC,-1.644939474989911,-1.7578686409159152,0.1353709667450112,0.0886183463099818,0.1353709667450112,-1.416262093007456,-1.733933387301879,1.343540514121215,1.644939474989911,7,ENO2;G6PC3;GAPDH;GPI;PGAM1;SLC37A4;TPI1,14,ENO1;ENO2;ENO4;FBP1;G6PC3;GAPDH;GAPDHS;GPI;PC;PGAM1;PGK1;SLC37A1;SLC37A4;TPI1,14,GAPDH;PGAM1;ENO1;PC;GAPDHS;G6PC3;SLC37A1;SLC37A4;ENO4;TPI1;ENO2;GPI;FBP1;PGK1,7,GAPDH;PGAM1;G6PC3;SLC37A4;TPI1;ENO2;GPI,9,2
11,39,Glycosphingolipid catabolism,R3_recurrent_directional,4,Astro;Micro;OPC;Oligo,4,0,0,OPC,-1.6982940232642367,-1.9333519635730607,0.1065377911526637,0.0221811190165104,0.1065377911526637,-1.726477229776629,-1.3201935094899837,1.3201935094899837,1.6982940232642367,16,ARSD;ARSG;ARSI;CTSA;GBA2;GLA;GLB1;GLB1L;GLB1L2;GM2A;M6PR;NEU3;NEU4;SMPD1;STS;SUMF2,25,ARSA;ARSD;ARSF;ARSG;ARSI;ASAH1;CTSA;GALC;GBA2;GLA;GLB1;GLB1L;GLB1L2;GM2A;HEXB;M6PR;NEU1;NEU3;NEU4;SMPD1;SMPD2;SMPD3;STS;SUMF1;SUMF2,25,SUMF2;ASAH1;HEXB;ARSG;ARSD;SUMF1;GLA;SMPD2;STS;CTSA;GBA2;GLB1;SMPD1;ARSI;GLB1L;SMPD3;NEU4;ARSA;NEU3;M6PR;GLB1L2;GM2A;NEU1;GALC;ARSF,16,SUMF2;ARSG;ARSD;GLA;STS;CTSA;GBA2;GLB1;SMPD1;ARSI;GLB1L;NEU4;NEU3;M6PR;GLB1L2;GM2A,77,3
12,40,RAC3 GTPase cycle,R3_recurrent_directional,4,Astro;Micro;OPC;Oligo,4,0,0,Astro,1.728756307072649,1.438093988214024,0.0861149042384331,0.4832810067434934,0.4832810067434934,1.313671575424693,1.4866122154188806,1.313671575424693,1.438093988214024,30,ARAP2;ARHGAP15;ARHGAP17;ARHGAP21;ARHGAP32;ARHGAP35;ARHGAP39;ARHGAP5;CAV1;CYFIP1;EPHA2;ERBIN;JAG1;LEMD3;NCKAP1;NCKAP1L;NHS;NOXA1;PGRMC2;RACGAP1;RAPGEF1;SLITRK5;SNAP23;SWAP70;TAOK3;TMPO;TRIO;VAMP3;VANGL1;VRK2,76,ABI1;ABI2;ABL2;ABR;AMIGO2;ARAP2;ARHGAP1;ARHGAP15;ARHGAP17;ARHGAP21;ARHGAP26;ARHGAP32;ARHGAP35;ARHGAP39;ARHGAP42;ARHGAP5;BAIAP2;BAIAP2L1;BCR;CAV1;CDC42EP1;CYBA;CYFIP1;DEPDC1B;DIAPH3;EMD;EPHA2;ERBIN;ESYT1;FERMT2;GIT1;GIT2;ITGB1;JAG1;LAMTOR1;LBR;LEMD3;LMAN1;MCAM;MPP7;NCF1;NCF2;NCF4;NCKAP1;NCKAP1L;NHS;NOXA1;OCRL;OPHN1;PAK1;PAK2;PAK4;PGRMC2;PIK3R1;PREX1;RAB7A;RAC3;RACGAP1;RAPGEF1;SLITRK3;SLITRK5;SNAP23;SRGAP2;SWAP70;TAOK3;TFRC;TIAM1;TMPO;TRIO;VAMP3;VANGL1;VAV2;VRK2;WASF1;WASF2;YKT6,76,SNAP23;EPHA2;PIK3R1;RAPGEF1;VAMP3;RAB7A;RACGAP1;LMAN1;JAG1;MPP7;SLITRK5;TMPO;RAC3;YKT6;ARHGAP39;ARHGAP5;PGRMC2;WASF1;NHS;NCKAP1;ABI2;FERMT2;ABI1;PAK2;TFRC;ESYT1;ARAP2;EMD;ARHGAP17;LEMD3;ARHGAP32;CYFIP1;ARHGAP21;VAV2;ARHGAP26;GIT2;ITGB1;CAV1;ARHGAP15;NOXA1;NCKAP1L;VRK2;LAMTOR1;BAIAP2;GIT1;TRIO;TIAM1;ABR;LBR;SWAP70;PAK1;ARHGAP35;ABL2;OCRL;PREX1;PAK4;DEPDC1B;MCAM;NCF2;VANGL1;BAIAP2L1;WASF2;CDC42EP1;TAOK3;ARHGAP42;BCR;DIAPH3;SRGAP2;CYBA;OPHN1;ERBIN;ARHGAP1;AMIGO2;NCF4;NCF1;SLITRK3,30,SNAP23;EPHA2;RAPGEF1;VAMP3;RACGAP1;JAG1;SLITRK5;TMPO;ARHGAP39;ARHGAP5;PGRMC2;NHS;NCKAP1;ARAP2;ARHGAP17;LEMD3;ARHGAP32;CYFIP1;ARHGAP21;CAV1;ARHGAP15;NOXA1;NCKAP1L;VRK2;TRIO;SWAP70;ARHGAP35;VANGL1;TAOK3;ERBIN,71,3
13,41,Vif-mediated degradation of APOBEC3G,R3_recurrent_directional,4,Astro;Micro;OPC;Oligo,4,0,0,Astro,-1.2719048512762785,-2.3803694053061983,0.5083778957739632,0.0,0.5083778957739632,-1.368240812718203,-1.75975935993904,1.2886975462615686,1.4309913841895474,23,ADRM1;PSMA4;PSMA5;PSMA7;PSMB2;PSMB3;PSMB4;PSMB6;PSMB7;PSMC1;PSMC3;PSMC4;PSMC5;PSMC6;PSMD1;PSMD12;PSMD13;PSMD14;PSMD2;PSMD3;PSMD7;PSMD8;UBA52,38,ADRM1;APOBEC3G;CUL5;ELOB;ELOC;PSMA1;PSMA3;PSMA4;PSMA5;PSMA7;PSMB1;PSMB2;PSMB3;PSMB4;PSMB5;PSMB6;PSMB7;PSMC1;PSMC2;PSMC3;PSMC4;PSMC5;PSMC6;PSMD1;PSMD11;PSMD12;PSMD13;PSMD14;PSMD2;PSMD3;PSMD6;PSMD7;PSMD8;RBX1;RPS27A;UBA52;UBB;UBC,38,PSMC3;ADRM1;PSMD7;PSMB2;PSMB6;PSMA4;PSMA1;PSMB5;PSMD2;PSMD8;PSMB3;PSMB7;PSMC4;PSMD3;UBA52;PSMC1;PSMC5;RPS27A;PSMD13;PSMB4;RBX1;PSMD14;PSMD1;UBC;PSMD12;PSMA7;PSMA5;PSMD6;APOBEC3G;PSMC6;CUL5;UBB;PSMD11;PSMA3;PSMB1;ELOB;ELOC;PSMC2,23,PSMC3;ADRM1;PSMD7;PSMB2;PSMB6;PSMA4;PSMD2;PSMD8;PSMB3;PSMB7;PSMC4;PSMD3;UBA52;PSMC1;PSMC5;PSMD13;PSMB4;PSMD14;PSMD1;PSMD12;PSMA7;PSMA5;PSMC6,17,93
14,43,Interferon Signaling,R3_recurrent_directional,4,Astro;Micro;OPC;Oligo,4,0,0,OPC,-1.3178876897798577,-1.512359289237177,0.3702306458791644,0.2467843381487278,0.3702306458791644,-1.2495383202940105,-1.5605360762317912,1.2495383202940105,1.3178876897798577,99,ACTG1;BECN1;CAMK2A;CD44;DDX58;DHX9;DNAJC3;EGR1;EIF2AK2;EIF2S3;EIF3A;EIF3B;EIF3E;EIF3J;EIF3L;EIF4A2;FAAP100;FANCA;FANCB;FANCC;FANCM;FKBP5;GBP4;HERC5;HLA-B;HLA-C;HLA-DPB1;HLA-E;HLA-F;HSPA1A;IFI44;IFI44L;IFI6;IFIH1;IFIT1;IFIT3;IFIT5;IKBKB;IKBKG;ILF3;IRF3;IRF7;ISG20;JAK1;JAK2;KPNA2;KPNB1;MAPK3;MAPT;MT2A;MX1;MX2;NCK1;NDC1;NEDD4;NUP107;NUP133;NUP214;NUP43;NUP88;NUP93;NUP98;OAS1;OAS3;PIAS1;PIM1;PRKRA;PTPN11;PTPN2;RANBP2;RNASEL;RPS15A;RPS27A;RPS27L;RPS4Y1;RPS6;RPSA;RSAD2;SAMHD1;SEC13;SEH1L;SKP1;SMAD7;SOCS3;STAT1;STAT2;TPR;TRIM3;TRIM38;TRIM45;TRIM8;TUBA1B;TUBA1C;TUBB4A;TUBB4B;TUBB8;UBA52;UBA7;USP18,253,AAAS;ABCE1;ACTB;ACTG1;ADAR;ARIH1;ATF6;B2M;BECN1;BST2;CAMK2A;CAMK2B;CAMK2D;CAMK2G;CD44;CENPX;CHUK;CIITA;CUL1;DDX58;DHX9;DNAJC3;DUS2;EGR1;EIF1AX;EIF2AK2;EIF2AK3;EIF2S1;EIF2S2;EIF2S3;EIF3A;EIF3B;EIF3C;EIF3D;EIF3E;EIF3F;EIF3G;EIF3H;EIF3I;EIF3J;EIF3K;EIF3L;EIF3M;EIF4A2;EIF4A3;EIF4E;EIF4E2;EIF4G1;EIF4G2;EIF4G3;FAAP100;FANCA;FANCB;FANCC;FANCE;FANCG;FANCL;FANCM;FAU;FKBP5;FLNA;FNTB;FURIN;GBP1;GBP2;GBP3;GBP4;HERC5;HLA-A;HLA-B;HLA-C;HLA-DPA1;HLA-DPB1;HLA-DQA1;HLA-DRA;HLA-DRB1;HLA-E;HLA-F;HSPA1A;HSPA1L;HSPA5;HSPA8;ICAM1;IFI27;IFI35;IFI44;IFI44L;IFI6;IFIH1;IFIT1;IFIT2;IFIT3;IFIT5;IFITM2;IFITM3;IFNA2;IFNGR2;IKBKB;IKBKG;ILF2;ILF3;IP6K2;IRF1;IRF2;IRF3;IRF5;IRF7;IRF8;ISG15;ISG20;JAK1;JAK2;KPNA2;KPNA3;KPNA5;KPNB1;MAPK1;MAPK3;MAPT;MAVS;MID1;MT2A;MX1;MX2;NCAM1;NCK1;NDC1;NEDD4;NPM1;NUP107;NUP133;NUP153;NUP160;NUP188;NUP205;NUP210;NUP214;NUP35;NUP43;NUP50;NUP54;NUP58;NUP85;NUP88;NUP93;NUP98;OAS1;OAS2;OAS3;PDE12;PGGT1B;PIAS1;PIM1;PIN1;PLCG1;PML;POM121;POM121C;PPP2CB;PPP2R1A;PPP2R1B;PPP2R5A;PRKCD;PRKRA;PTAFR;PTPN1;PTPN11;PTPN2;PTPN6;RAF1;RANBP2;RNASEL;RPS11;RPS12;RPS13;RPS14;RPS15;RPS15A;RPS18;RPS2;RPS20;RPS21;RPS23;RPS24;RPS25;RPS26;RPS27;RPS27A;RPS27L;RPS28;RPS29;RPS3;RPS3A;RPS4X;RPS4Y1;RPS5;RPS6;RPS7;RPS8;RPS9;RPSA;RSAD2;SAMHD1;SEC13;SEH1L;SKP1;SMAD7;SNCA;SOCS3;SP100;SPHK1;STAT1;STAT2;STAT3;SUMO1;TARBP2;TP53;TPR;TRIM14;TRIM2;TRIM21;TRIM22;TRIM25;TRIM26;TRIM3;TRIM35;TRIM38;TRIM45;TRIM46;TRIM5;TRIM62;TRIM68;TRIM8;TUBA1A;TUBA1B;TUBA1C;TUBA4A;TUBB2A;TUBB2B;TUBB4A;TUBB4B;TUBB8;TYK2;UBA52;UBA7;UBB;UBC;UBE2I;UBE2L6;UBE2N;USP18;XAF1;YBX1,253,IKBKG;KPNB1;CAMK2A;PTPN11;NCK1;RPS3;EIF3J;PIN1;NUP35;HLA-E;SNCA;EIF2S2;EIF1AX;B2M;RPS3A;RPS14;EIF4A3;EIF4G2;STAT3;TARBP2;ATF6;TRIM3;IFIH1;HSPA1A;FANCL;HSPA5;HERC5;OAS1;NCAM1;HLA-C;IFI6;STAT1;FAAP100;FKBP5;RPS27L;NEDD4;RPS6;FANCM;TRIM8;BECN1;RPS4Y1;TUBA1C;IRF7;NUP93;EIF3G;EIF3E;NUP107;PPP2CB;NUP214;EIF2AK2;MAPK1;SEH1L;KPNA5;EIF3M;NUP54;RSAD2;PIM1;MX1;CD44;TUBB4A;UBA7;IFIT1;MAPT;FANCA;RPS12;UBA52;RPS15A;RPS27A;TUBB2A;RPS9;RPS21;TUBA1B;HLA-B;SMAD7;TRIM26;FANCG;RPS25;SEC13;FANCC;MAPK3;TRIM14;NUP50;KPNA2;NDC1;NUP43;PTPN2;HSPA1L;UBE2L6;NUP153;DDX58;STAT2;JAK2;HLA-DPB1;IFI44;EIF3L;ILF2;ILF3;CUL1;DNAJC3;IRF3;EIF3B;PIAS1;IKBKB;FNTB;RPS5;CAMK2D;PML;NUP133;RPS20;EIF3D;TRIM25;NUP88;PGGT1B;PTPN1;TRIM22;EIF3I;POM121;NUP160;UBE2I;CHUK;EIF4A2;KPNA3;NUP188;IFI44L;IFIT3;TUBB4B;HLA-F;ISG15;RPS13;IFIT2;XAF1;USP18;FAU;PTAFR;RPS11;RPS4X;TUBB2B;RPS27;FANCB;UBC;ISG20;IFI27;HLA-A;IRF1;AAAS;RANBP2;TRIM46;TRIM62;ACTG1;IFI35;DUS2;PPP2R1A;MT2A;RPS29;PDE12;RPSA;RPS24;ABCE1;TRIM68;RNASEL;SKP1;MID1;IFIT5;HLA-DRA;RPS28;EIF3K;PRKRA;CAMK2G;RAF1;EIF4G1;PPP2R5A;PPP2R1B;EIF3A;YBX1;ARIH1;EIF4G3;ADAR;EIF4E2;ACTB;NUP58;EIF2AK3;EGR1;SOCS3;ICAM1;HLA-DQA1;GBP2;GBP4;MX2;OAS3;TUBB8;RPS26;TRIM45;RPS15;GBP1;IFITM3;FANCE;UBB;TRIM5;TRIM35;BST2;SP100;RPS7;TRIM38;SAMHD1;TUBA1A;TP53;IFNGR2;TYK2;PTPN6;TRIM2;CAMK2B;NUP98;OAS2;RPS2;SPHK1;DHX9;TPR;RPS18;IRF2;TRIM21;SUMO1;FURIN;RPS23;NUP205;EIF3H;IP6K2;POM121C;EIF2S3;EIF3F;JAK1;EIF3C;CENPX;HSPA8;FLNA;RPS8;CIITA;NPM1;MAVS;EIF2S1;PLCG1;UBE2N;NUP85;NUP210;EIF4E;TUBA4A;IFITM2;PRKCD;GBP3;IFNA2;HLA-DRB1;IRF5;IRF8;HLA-DPA1,99,IKBKG;KPNB1;CAMK2A;PTPN11;NCK1;EIF3J;HLA-E;TRIM3;IFIH1;HSPA1A;HERC5;OAS1;HLA-C;IFI6;STAT1;FAAP100;FKBP5;RPS27L;NEDD4;RPS6;FANCM;TRIM8;BECN1;RPS4Y1;TUBA1C;IRF7;NUP93;EIF3E;NUP107;NUP214;EIF2AK2;SEH1L;RSAD2;PIM1;MX1;CD44;TUBB4A;UBA7;IFIT1;MAPT;FANCA;UBA52;RPS15A;RPS27A;TUBA1B;HLA-B;SMAD7;SEC13;FANCC;MAPK3;KPNA2;NDC1;NUP43;PTPN2;DDX58;STAT2;JAK2;HLA-DPB1;IFI44;EIF3L;ILF3;DNAJC3;IRF3;EIF3B;PIAS1;IKBKB;NUP133;NUP88;EIF4A2;IFI44L;IFIT3;TUBB4B;HLA-F;USP18;FANCB;ISG20;RANBP2;ACTG1;MT2A;RPSA;RNASEL;SKP1;IFIT5;PRKRA;EIF3A;EGR1;SOCS3;GBP4;MX2;OAS3;TUBB8;TRIM45;TRIM38;SAMHD1;NUP98;DHX9;TPR;EIF2S3;JAK1,22,3
15,45,"Gamma carboxylation, hypusinylation, hydroxylation, and arylsulfatase activation",R3_recurrent_directional,4,Astro;Micro;OPC;Oligo,4,0,0,OPC,-1.6175094480027208,-1.396241605643771,0.1551259020813148,0.3569798392840163,0.3569798392840163,-1.3730885814845768,-1.2419442302748418,1.2419442302748418,1.396241605643771,17,ARSA;ARSD;ARSG;ARSI;DPH2;DPH6;EEF2;EIF5A2;F8;FN3K;FN3KRP;RCCD1;RIOX2;RPS6;STS;SUMF1;SUMF2,44,ARSA;ARSB;ARSD;ARSF;ARSG;ARSI;ASPH;DNAJC24;DOHH;DPH1;DPH2;DPH3;DPH6;DPH7;DRG1;DRG2;EEF2;EIF5A;EIF5A2;ETF1;F8;FN3K;FN3KRP;FURIN;GAS6;GGCX;ICMT;JMJD4;JMJD6;KDM8;PROS1;RCCD1;RIOX2;RPL27A;RPL8;RPS23;RPS6;RWDD1;STS;SUMF1;SUMF2;TPST2;U2AF2;ZC3H15,44,SUMF2;EIF5A;ASPH;GAS6;TPST2;PROS1;ARSG;RPS6;ARSD;KDM8;DPH6;F8;SUMF1;DPH7;JMJD6;STS;EIF5A2;RCCD1;EEF2;DPH2;DPH1;JMJD4;FN3KRP;GGCX;DNAJC24;ARSI;RPL8;ARSA;DPH3;FN3K;ETF1;ICMT;RPL27A;DRG2;FURIN;RPS23;RWDD1;RIOX2;DOHH;ZC3H15;ARSB;U2AF2;DRG1;ARSF,17,SUMF2;ARSG;RPS6;ARSD;DPH6;F8;SUMF1;STS;EIF5A2;RCCD1;EEF2;DPH2;FN3KRP;ARSI;ARSA;FN3K;RIOX2,77,2
16,46,Sulfur amino acid metabolism,R3_recurrent_directional,4,Astro;Micro;OPC;Oligo,4,0,0,Astro,-1.232932542043352,-1.6014734904484624,0.5674611865822425,0.0533473699839543,0.5674611865822425,-1.2416950495309438,-1.5839837587611498,1.2416950495309438,1.5734991654254846,11,ADI1;APIP;CBS;CDO1;CSAD;GOT1;GOT2;MTR;SLC25A10;SUOX;TXN2,22,ADI1;ADO;AHCY;APIP;BHMT2;CBS;CDO1;CSAD;CTH;ENOPH1;ETHE1;GOT1;GOT2;MPST;MRI1;MTR;MTRR;SLC25A10;SQOR;SUOX;TST;TXN2,22,CTH;GOT1;CSAD;MTRR;AHCY;CDO1;TXN2;SUOX;MTR;SLC25A10;CBS;GOT2;APIP;ADI1;ADO;ETHE1;MRI1;BHMT2;ENOPH1;TST;MPST;SQOR,11,GOT1;CSAD;CDO1;TXN2;SUOX;MTR;SLC25A10;CBS;GOT2;APIP;ADI1,433,2
17,47,Citric acid cycle (TCA cycle),R3_recurrent_directional,4,Astro;Micro;OPC;Oligo,4,0,0,OPC,-1.591752330436949,-1.4471834585610588,0.1673705351255819,0.3116069134563751,0.3116069134563751,-1.2051683421196713,-1.864341552822396,1.2051683421196713,1.4471834585610588,18,ACO2;CS;FH;IDH2;IDH3A;IDH3B;IDH3G;ISCA2;ISCU;MDH2;NFS1;OGDH;SDHAF1;SDHAF3;SIRT3;SUCLA2;SUCLG1;SUCLG2,30,ACAT1;ACO2;CS;CSKMT;DLD;DLST;FH;IDH2;IDH3A;IDH3B;IDH3G;ISCA1;ISCA2;ISCU;LYRM4;MDH2;NFS1;NNT;OGDH;SDHA;SDHAF1;SDHAF3;SDHAF4;SDHB;SDHC;SIRT3;SUCLA2;SUCLG1;SUCLG2;TRAP1,30,DLST;SDHAF4;ACAT1;ISCU;IDH3G;NFS1;SIRT3;CS;SUCLG2;IDH3B;ACO2;SUCLG1;OGDH;LYRM4;TRAP1;SDHAF1;MDH2;FH;IDH3A;DLD;ISCA2;SDHB;SDHC;SDHAF3;SUCLA2;IDH2;NNT;CSKMT;SDHA;ISCA1,18,ISCU;IDH3G;NFS1;SIRT3;CS;SUCLG2;IDH3B;ACO2;SUCLG1;OGDH;SDHAF1;MDH2;FH;IDH3A;ISCA2;SDHAF3;SUCLA2;IDH2,180,2
18,48,Amino acid transport across the plasma membrane,R3_recurrent_directional,4,Astro;Micro;OPC;Oligo,4,0,0,Oligo,2.199773565788716,1.4007476625592648,0.0059274188974055,0.2550647467761873,0.2550647467761873,1.406209468538735,1.2816873580276185,1.204056380357542,1.4007476625592648,12,SLC16A10;SLC1A4;SLC36A1;SLC38A2;SLC6A12;SLC6A6;SLC7A1;SLC7A10;SLC7A11;SLC7A2;SLC7A6;SLC7A9,24,SLC16A10;SLC1A4;SLC1A5;SLC25A29;SLC36A1;SLC36A4;SLC38A1;SLC38A2;SLC38A3;SLC38A5;SLC3A2;SLC43A1;SLC43A2;SLC6A12;SLC6A15;SLC6A6;SLC7A1;SLC7A10;SLC7A11;SLC7A2;SLC7A5;SLC7A6;SLC7A8;SLC7A9,24,SLC3A2;SLC38A2;SLC43A1;SLC7A11;SLC6A6;SLC36A4;SLC6A15;SLC6A12;SLC7A9;SLC16A10;SLC7A1;SLC36A1;SLC7A5;SLC7A2;SLC43A2;SLC7A6;SLC25A29;SLC7A10;SLC1A5;SLC1A4;SLC7A8;SLC38A3;SLC38A1;SLC38A5,12,SLC38A2;SLC7A11;SLC6A6;SLC6A12;SLC7A9;SLC16A10;SLC7A1;SLC36A1;SLC7A2;SLC7A6;SLC7A10;SLC1A4,377,2
19,49,Signaling by TGF-beta Receptor Complex,R3_recurrent_directional,4,Astro;Micro;OPC;Oligo,4,0,0,Micro,1.495990955152257,1.3750882715490114,0.4925600237982038,0.2614817669295896,0.4925600237982038,1.3593486156087833,1.2708890802870352,1.184075211854291,1.5273763444904644,27,CCNK;CCNT2;E2F4;E2F5;EP300;ITGAV;ITGB8;LTBP2;MAPK1;NEDD4L;PARD3;PPP1CB;PPP1CC;SKI;SMAD2;SMAD3;SMAD7;TFDP2;TGFB2;TGFBR2;TGFBR3;TGIF1;UBE2D1;USP15;WWTR1;XPO1;ZFYVE9,69,BAMBI;CBL;CCNC;CCNK;CCNT1;CCNT2;CDK8;CDK9;CDKN2B;CGN;E2F4;E2F5;EP300;F11R;FBN1;FURIN;ITGA8;ITGAV;ITGB1;ITGB5;ITGB8;LTBP1;LTBP2;LTBP3;MAPK1;MEN1;NCOR1;NCOR2;NEDD4L;PARD3;PMEPA1;PPM1A;PPP1CA;PPP1CB;PPP1CC;PPP1R15A;PRKCZ;RBL1;RNF111;SERPINE1;SKI;SKIL;SMAD2;SMAD3;SMAD4;SMAD7;SMURF1;SMURF2;SP1;STRAP;TFDP1;TFDP2;TGFB1;TGFB2;TGFB3;TGFBR1;TGFBR2;TGFBR3;TGIF1;UBE2D1;UBE2D3;UBE2M;UCHL5;USP15;USP9X;WWTR1;XPO1;YBX1;ZFYVE9,69,UBE2M;SMURF1;TGFBR3;PRKCZ;ITGAV;ITGB5;WWTR1;PARD3;TGIF1;TGFB2;NEDD4L;SMAD2;MAPK1;SMAD3;ITGB8;E2F5;UBE2D1;SMAD7;TFDP1;E2F4;PPP1CB;EP300;LTBP1;TFDP2;TGFBR1;UCHL5;CCNK;TGFBR2;CCNT1;XPO1;SKI;PPP1CC;USP15;ZFYVE9;CCNT2;USP9X;UBE2D3;ITGB1;LTBP2;MEN1;ITGA8;TGFB3;LTBP3;RBL1;RNF111;NCOR1;FBN1;SMURF2;YBX1;CDK8;F11R;TGFB1;CDK9;PPP1CA;CDKN2B;SMAD4;SKIL;CGN;CCNC;FURIN;PMEPA1;CBL;STRAP;NCOR2;SP1;PPM1A;PPP1R15A;BAMBI;SERPINE1,27,TGFBR3;ITGAV;WWTR1;PARD3;TGIF1;TGFB2;NEDD4L;SMAD2;MAPK1;SMAD3;ITGB8;E2F5;UBE2D1;SMAD7;E2F4;PPP1CB;EP300;TFDP2;CCNK;TGFBR2;XPO1;SKI;PPP1CC;USP15;ZFYVE9;CCNT2;LTBP2,72,5
20,50,Translation,R3_recurrent_directional,4,Astro;Micro;OPC;Oligo,4,0,0,Astro,-1.7715914121009853,-2.369371713015308,0.0751377488555354,6.407949063805223e-05,0.0751377488555354,-1.5655800200803267,-1.4988499812412517,1.1801578650109117,1.7715914121009853,126,AARS2;AIMP1;AIMP2;APEH;ASCC2;AURKAIP1;CARS2;EEF1A1;EEF1A2;EEF1B2;EEF2;EIF2B2;EIF2B4;EIF2S3;EIF3A;EIF3B;EIF3E;EIF3J;EIF3K;EIF3L;EIF4A2;EIF4H;EIF5B;ELOB;FARSA;FARSB;GFM1;KLHDC10;LARS2;LTN1;MRPL10;MRPL16;MRPL2;MRPL20;MRPL21;MRPL23;MRPL24;MRPL27;MRPL32;MRPL33;MRPL34;MRPL35;MRPL37;MRPL4;MRPL40;MRPL41;MRPL42;MRPL43;MRPL45;MRPL49;MRPL54;MRPL55;MRPL9;MRPS14;MRPS15;MRPS18A;MRPS18B;MRPS21;MRPS25;MRPS26;MRPS34;MRPS7;MRRF;MTFMT;MTIF3;NDUFAB1;OXA1L;PABPC1;PPA1;PSMA4;PSMA5;PSMB2;PSMB3;PSMB4;PSMB7;PSMC1;PSMC3;PSMC4;PSMC5;PSMC6;PSMD12;PSMD13;PSMD14;PSMD2;PSMD3;PSMD7;PSMD8;RBX1;RPL10;RPL10A;RPL13;RPL14;RPL15;RPL18;RPL19;RPL23;RPL27;RPL27A;RPL3;RPL6;RPL7A;RPLP0;RPS11;RPS12;RPS27A;RPS3A;RPS4Y1;RPS6;RPS9;RPSA;SEC11A;SEC61A2;SPCS2;SRP14;SRP68;SRPRA;SRPRB;SSR2;SSR4;TARS2;TCF25;TUFM;UBA52;UBE2D2;VCP;WARS2,268,AARS2;ADRM1;AIMP1;AIMP2;ANKZF1;APEH;ASCC2;AURKAIP1;CARS2;CHCHD1;CUL2;DAP3;EEF1A1;EEF1A2;EEF1B2;EEF2;EIF1AX;EIF2B1;EIF2B2;EIF2B3;EIF2B4;EIF2B5;EIF2S1;EIF2S3;EIF3A;EIF3B;EIF3C;EIF3D;EIF3E;EIF3F;EIF3G;EIF3H;EIF3I;EIF3J;EIF3K;EIF3L;EIF3M;EIF4A2;EIF4B;EIF4E;EIF4EBP1;EIF4G1;EIF4H;EIF5;EIF5B;ELOB;ELOC;ERAL1;ETF1;FARS2;FARSA;FARSB;FAU;GADD45GIP1;GFM1;GSPT1;GSPT2;HARS2;KLHDC10;LARS2;LTN1;MIEF1;MRPL1;MRPL10;MRPL11;MRPL13;MRPL14;MRPL15;MRPL16;MRPL17;MRPL18;MRPL2;MRPL20;MRPL21;MRPL22;MRPL23;MRPL24;MRPL27;MRPL28;MRPL32;MRPL33;MRPL34;MRPL35;MRPL36;MRPL37;MRPL39;MRPL4;MRPL40;MRPL41;MRPL42;MRPL43;MRPL44;MRPL45;MRPL47;MRPL49;MRPL51;MRPL52;MRPL54;MRPL55;MRPL57;MRPL58;MRPL9;MRPS10;MRPS12;MRPS14;MRPS15;MRPS18A;MRPS18B;MRPS2;MRPS21;MRPS22;MRPS23;MRPS25;MRPS26;MRPS27;MRPS28;MRPS33;MRPS34;MRPS7;MRPS9;MRRF;MTFMT;MTIF3;MTRF1L;NDUFAB1;NPLOC4;OXA1L;PABPC1;PARS2;PPA1;PSMA1;PSMA3;PSMA4;PSMA5;PSMA7;PSMB1;PSMB2;PSMB3;PSMB4;PSMB5;PSMB6;PSMB7;PSMC1;PSMC2;PSMC3;PSMC4;PSMC5;PSMC6;PSMD1;PSMD11;PSMD12;PSMD13;PSMD14;PSMD2;PSMD3;PSMD6;PSMD7;PSMD8;PTCD3;RBX1;RCHY1;RPL10;RPL10A;RPL11;RPL12;RPL13;RPL13A;RPL14;RPL15;RPL18;RPL18A;RPL19;RPL21;RPL22;RPL23;RPL23A;RPL24;RPL26L1;RPL27;RPL27A;RPL28;RPL29;RPL3;RPL30;RPL31;RPL32;RPL34;RPL35;RPL35A;RPL36;RPL36AL;RPL37;RPL37A;RPL38;RPL39L;RPL4;RPL41;RPL5;RPL6;RPL7;RPL7A;RPL8;RPL9;RPLP0;RPLP1;RPLP2;RPS11;RPS12;RPS13;RPS14;RPS15;RPS15A;RPS16;RPS18;RPS2;RPS21;RPS23;RPS24;RPS25;RPS26;RPS27;RPS27A;RPS28;RPS29;RPS3;RPS3A;RPS4X;RPS4Y1;RPS5;RPS6;RPS8;RPS9;RPSA;SARS2;SEC11A;SEC11C;SEC61A1;SEC61A2;SEC61B;SERP1;SPCS1;SPCS2;SPCS3;SRP14;SRP54;SRP68;SRP72;SRP9;SRPRA;SRPRB;SSR2;SSR3;SSR4;TARS2;TCF25;TRIP4;TRMT112;TSFM;TUFM;UBA52;UBB;UBC;UBE2D2;UFD1;VARS2;VCP;WARS2;ZNF598,268,PSMC3;SRP14;VCP;ADRM1;PSMD7;MRPL28;PSMB2;PSMB6;PSMA4;SEC61B;PSMA1;MRRF;RPL5;RPS3;EIF3J;PSMB5;EIF1AX;RPS3A;RPS14;MRPS14;MRPL2;MTRF1L;GADD45GIP1;SARS2;APEH;MRPL55;MRPL23;PSMD2;MRPS7;RPL15;TUFM;MRPL41;EEF1B2;MRPS18A;MRPS25;RPS6;PSMD8;MRPS21;MRPS34;RPS4Y1;WARS2;EIF3G;MRPL15;PSMB3;MRPL9;PSMB7;EIF3E;PSMC4;MRPL37;PSMD3;ASCC2;MRPL54;MRPL24;SRP54;EIF3M;TCF25;PPA1;RPL27;MRPL20;MRPL40;EIF4EBP1;MRPS28;MRPL18;AURKAIP1;MRPL32;MRPL27;RPS12;SSR4;UBA52;RPS15A;RPL23;PSMC1;OXA1L;PSMC5;RPS27A;RPS9;RPL35A;RPS21;RPL41;PSMD13;PSMB4;RPS25;MRPS18B;GFM1;EEF2;RPLP0;AIMP2;MRPL43;TSFM;MRPL47;CHCHD1;RBX1;PABPC1;RPL4;TARS2;MRPS2;SEC11A;EIF5B;SPCS2;EIF3L;SERP1;RPL6;EEF1A1;EIF3B;GSPT1;MTFMT;PSMD14;AIMP1;RPS5;HARS2;LARS2;RPL7;MTIF3;MRPS33;EIF3D;SEC61A1;MRPS22;KLHDC10;TRMT112;MRPL45;SSR2;EIF3I;PSMD1;EIF4A2;TRIP4;RPL19;RPL10;RPS13;FAU;RPL29;MRPL36;EEF1A2;MRPS15;RPS11;RPS4X;RPS27;MRPL51;RPL37A;UBC;RPL8;RPL36AL;EIF2B4;RPL18;RPL31;MRPL16;SRPRA;FARSB;MRPS23;MRPL35;SRP9;MRPL57;MRPL33;MRPL49;RPS29;SRPRB;RPS16;PSMD12;RPSA;PSMA7;RPL14;MRPL21;MRPL10;MRPL52;RPS24;MIEF1;PSMA5;MRPL39;PSMD6;MRPL4;EIF4B;ANKZF1;EIF2B2;ZNF598;RPL10A;SEC61A2;RPS28;EIF3K;ERAL1;ETF1;EIF4G1;MRPS9;EIF2B3;SRP72;EIF4H;EIF3A;UBE2D2;FARS2;PTCD3;DAP3;PSMC6;SSR3;RPL39L;RPS26;MRPL34;RPL23A;RPL7A;RPL36;RPS15;RPL38;RPL3;RPL13;UBB;RPLP1;RPL35;MRPL17;NDUFAB1;GSPT2;RPL28;RPL32;MRPL22;MRPS12;SPCS3;RPL27A;EIF5;RPL30;RPL26L1;RPS2;PARS2;MRPS26;SRP68;RPL24;RPS18;RCHY1;MRPL1;FARSA;CARS2;PSMD11;LTN1;RPS23;RPL21;AARS2;EIF2B1;MRPL11;EIF3H;MRPS27;RPL12;EIF2B5;MRPL42;EIF2S3;PSMA3;EIF3F;NPLOC4;MRPS10;PSMB1;RPL11;CUL2;VARS2;EIF3C;ELOB;MRPL58;UFD1;SPCS1;MRPL14;RPS8;MRPL44;SEC11C;RPL34;RPLP2;RPL22;RPL9;MRPL13;RPL37;RPL13A;EIF2S1;ELOC;EIF4E;PSMC2;RPL18A,126,PSMC3;SRP14;VCP;PSMD7;PSMB2;PSMA4;MRRF;EIF3J;RPS3A;MRPS14;MRPL2;APEH;MRPL55;MRPL23;PSMD2;MRPS7;RPL15;TUFM;MRPL41;EEF1B2;MRPS18A;MRPS25;RPS6;PSMD8;MRPS21;MRPS34;RPS4Y1;WARS2;PSMB3;MRPL9;PSMB7;EIF3E;PSMC4;MRPL37;PSMD3;ASCC2;MRPL54;MRPL24;TCF25;PPA1;RPL27;MRPL20;MRPL40;AURKAIP1;MRPL32;MRPL27;RPS12;SSR4;UBA52;RPL23;PSMC1;OXA1L;PSMC5;RPS27A;RPS9;PSMD13;PSMB4;MRPS18B;GFM1;EEF2;RPLP0;AIMP2;MRPL43;RBX1;PABPC1;TARS2;SEC11A;EIF5B;SPCS2;EIF3L;RPL6;EEF1A1;EIF3B;MTFMT;PSMD14;AIMP1;LARS2;MTIF3;KLHDC10;MRPL45;SSR2;EIF4A2;RPL19;RPL10;EEF1A2;MRPS15;RPS11;EIF2B4;RPL18;MRPL16;SRPRA;FARSB;MRPL35;MRPL33;MRPL49;SRPRB;PSMD12;RPSA;RPL14;MRPL21;MRPL10;PSMA5;MRPL4;EIF2B2;RPL10A;SEC61A2;EIF3K;EIF4H;EIF3A;UBE2D2;PSMC6;MRPL34;RPL7A;RPL3;RPL13;NDUFAB1;RPL27A;MRPS26;SRP68;FARSA;CARS2;LTN1;AARS2;MRPL42;EIF2S3;ELOB,17,1
21,52,Diseases associated with the TLR signaling cascade,R3_recurrent_directional,4,Astro;Micro;OPC;Oligo,4,0,0,Astro,1.360800661775194,1.2199020247647967,0.2700010796813366,0.6055527845466545,0.6055527845466545,1.155865934451103,1.210067335965665,1.1757360367552063,1.2722567657485846,13,BTK;CD36;HMGB1;IKBKB;IKBKG;LY96;NFKB1;NFKBIA;RELA;TLR10;TLR2;TLR3;TLR5,19,BTK;CD36;HMGB1;IKBKB;IKBKG;IRAK4;LY96;MYD88;NFKB1;NFKB2;NFKBIA;RELA;TICAM1;TLR10;TLR2;TLR3;TLR5;TRAF3;UNC93B1,19,IKBKG;UNC93B1;TLR10;RELA;TLR5;HMGB1;NFKB2;IKBKB;TRAF3;LY96;CD36;NFKBIA;NFKB1;MYD88;TICAM1;IRAK4;BTK;TLR3;TLR2,13,IKBKG;TLR10;RELA;TLR5;HMGB1;IKBKB;LY96;CD36;NFKBIA;NFKB1;BTK;TLR3;TLR2,22,3
22,55,Defective pyroptosis,R3_recurrent_directional,4,Astro;Micro;OPC;Oligo,4,0,0,OPC,1.5157261013410144,1.2664943996940434,0.5845821662135438,0.4796223445263646,0.5845821662135438,1.2785721368284804,1.1948557583782664,1.1539562860049948,1.2947883919131165,8,DNMT1;DNMT3A;EED;GSDME;PRIM1;PRIM2;RBBP4;SUZ12,11,DNMT1;DNMT3A;EED;EZH2;GSDME;POLA1;PRIM1;PRIM2;RBBP4;RBBP7;SUZ12,11,PRIM1;EED;DNMT1;SUZ12;RBBP4;PRIM2;DNMT3A;POLA1;EZH2;RBBP7;GSDME,8,PRIM1;EED;DNMT1;SUZ12;RBBP4;PRIM2;DNMT3A;GSDME,1285,2
23,56,Constitutive Signaling by Aberrant PI3K in Cancer,R3_recurrent_directional,4,Astro;Micro;OPC;Oligo,4,0,0,Oligo,1.3319129942894048,1.3354869963569136,0.6269369789367975,0.2967609514997651,0.6269369789367975,1.256552737771257,1.228706983761872,1.15155972620997,1.3319129942894048,18,EGFR;ERBB3;ERBB4;FGF2;FGFR1;FYN;GAB1;HGF;IRS1;IRS2;KIT;NRG3;NTRK2;NTRK3;PIK3AP1;PIK3CA;STRN;TGFA,44,BDNF;CD80;EGF;EGFR;ERBB3;ERBB4;ESR1;ESR2;FGF1;FGF17;FGF2;FGF7;FGFR1;FGFR2;FGFR3;FLT3;FYN;GAB1;GRB2;HBEGF;HGF;IRS1;IRS2;KIT;KITLG;NRG1;NRG2;NRG3;NTRK2;NTRK3;PDGFA;PDGFB;PDGFRA;PDGFRB;PIK3AP1;PIK3CA;PIK3CB;PIK3CD;PIK3R1;PIK3R5;SRC;STRN;TGFA;VAV1,44,PIK3R1;FGF1;EGFR;KIT;NTRK2;FGFR1;HGF;FGFR3;ERBB3;EGF;IRS1;IRS2;PIK3CA;FGF2;GAB1;NRG3;STRN;PIK3CD;ERBB4;TGFA;FGFR2;VAV1;ESR2;NTRK3;PDGFRB;NRG2;SRC;ESR1;PIK3AP1;GRB2;PDGFA;PIK3CB;NRG1;FLT3;FYN;HBEGF;FGF7;FGF17;PIK3R5;KITLG;CD80;BDNF;PDGFB;PDGFRA,18,EGFR;KIT;NTRK2;FGFR1;HGF;ERBB3;IRS1;IRS2;PIK3CA;FGF2;GAB1;NRG3;STRN;ERBB4;TGFA;NTRK3;PIK3AP1;FYN,279,6
24,58,Spry regulation of FGF signaling,R3_recurrent_directional,4,Astro;Micro;OPC;Oligo,4,0,0,OPC,-1.2202095482638222,-1.3652704454081557,0.4506418009818313,0.3629305272846312,0.4506418009818313,-1.1410100387714983,-1.3567137466869856,1.1410100387714983,1.2202095482638222,9,BRAF;GRB2;MAPK1;MAPK3;MKNK1;PPP2R1A;PTPN11;UBA52;UBC,12,BRAF;GRB2;MAPK1;MAPK3;MKNK1;PPP2R1A;PTPN11;RPS27A;SRC;UBA52;UBB;UBC,12,PTPN11;MAPK1;UBA52;RPS27A;MAPK3;BRAF;UBC;SRC;PPP2R1A;GRB2;MKNK1;UBB,9,PTPN11;MAPK1;UBA52;MAPK3;BRAF;UBC;PPP2R1A;GRB2;MKNK1,115,5
25,59,ESR-mediated signaling,R3_recurrent_directional,4,Astro;Micro;OPC;Oligo,4,0,0,OPC,1.2782740180069907,1.220877009449965,0.6410666395078655,0.5363845031617148,0.6410666395078655,1.2540734144464816,1.1630932370419074,1.1400986937325666,1.220877009449965,44,AKT3;ATF2;CAV1;CAV2;CDKN1B;CHD1;CREB1;CREBBP;CXCL12;DDX5;EGF;EGFR;EP300;ERBB4;ESR1;FKBP4;FKBP5;FOS;GNAI3;GREB1;GTF2F2;HSP90AA1;HSPB1;IGF1R;KCTD6;NCOA1;NCOA2;NRIP1;PIK3CA;POLR2C;POLR2H;PPID;PTGES3;RAD21;RUNX1;S1PR3;SMC1A;SMC3;STAG1;STAG2;XPO1;YY1;ZDHHC21;ZNF217,109,AGO2;AGO3;AGO4;AKT1;AKT2;AKT3;ATF2;AXIN1;BCL2;CARM1;CAV1;CAV2;CBFB;CCND1;CCNT1;CDK9;CDKN1B;CHD1;CREB1;CREBBP;CXCL12;CXXC5;DDX5;EBAG9;EGF;EGFR;ELK1;EP300;ERBB4;ESR1;ESR2;FKBP4;FKBP5;FOS;GNAI1;GNAI2;GNAI3;GNB4;GNB5;GNG12;GNG2;GNG5;GNG7;GNGT1;GNGT2;GPAM;GREB1;GTF2A1;GTF2A2;GTF2F2;HBEGF;HDAC1;HSP90AA1;HSP90AB1;HSPB1;IGF1R;KANK1;KAT2B;KAT5;KCTD6;KDM1A;KDM4B;KRAS;MAPK1;MED1;MMP2;NCOA1;NCOA2;NRAS;NRIP1;PDPK1;PIK3CA;PIK3R1;POLR2C;POLR2D;POLR2E;POLR2F;POLR2G;POLR2H;POLR2I;POLR2J;POU2F1;PPID;PTGES3;PTK2;RAD21;RUNX1;S1PR3;SMC1A;SMC3;SP1;SPHK1;SRC;STAG1;STAG2;STRN;TGFA;TLE3;TNRC6A;TNRC6B;TNRC6C;UHMK1;USF1;USF2;XPO1;YY1;ZDHHC21;ZDHHC7;ZNF217,109,CDKN1B;POLR2C;HSP90AA1;PIK3R1;PTK2;POLR2F;EGFR;IGF1R;CXCL12;PDPK1;EGF;FKBP5;PPID;PIK3CA;POLR2H;ATF2;STRN;CREB1;ERBB4;RAD21;STAG1;NCOA1;MAPK1;PTGES3;HSPB1;CAV2;FKBP4;POLR2G;TGFA;USF1;STAG2;EP300;GNAI3;CXXC5;KCTD6;RUNX1;NRIP1;POLR2J;GNG2;GPAM;ESR2;ZDHHC21;SMC3;NCOA2;ZNF217;CCNT1;XPO1;YY1;ELK1;POLR2D;POU2F1;GNG7;AGO3;CAV1;FOS;TLE3;SRC;KAT5;AKT1;ESR1;DDX5;SMC1A;HDAC1;GTF2F2;EBAG9;KAT2B;BCL2;TNRC6B;CREBBP;GTF2A1;AGO2;TNRC6C;MED1;GTF2A2;NRAS;S1PR3;GREB1;GNG12;CCND1;POLR2E;GNB4;POLR2I;CDK9;HBEGF;SPHK1;AKT3;GNB5;KDM4B;KDM1A;GNAI1;CHD1;GNAI2;CBFB;ZDHHC7;CARM1;USF2;KANK1;TNRC6A;KRAS;AXIN1;AKT2;HSP90AB1;SP1;UHMK1;AGO4;MMP2;GNGT1;GNGT2;GNG5,44,CDKN1B;POLR2C;HSP90AA1;EGFR;IGF1R;CXCL12;EGF;FKBP5;PPID;PIK3CA;POLR2H;ATF2;CREB1;ERBB4;RAD21;STAG1;NCOA1;PTGES3;HSPB1;CAV2;FKBP4;STAG2;EP300;GNAI3;KCTD6;RUNX1;NRIP1;ZDHHC21;SMC3;NCOA2;ZNF217;XPO1;YY1;CAV1;FOS;ESR1;DDX5;SMC1A;GTF2F2;CREBBP;S1PR3;GREB1;AKT3;CHD1,70,3
26,60,SARS-CoV-2-host interactions,R3_recurrent_directional,4,Astro;Micro;OPC;Oligo,4,0,0,OPC,-1.1922736596752208,-1.2510378003338518,0.4721695643670904,0.4938259664447778,0.4938259664447778,-1.1386375340612105,-1.33899333507852,1.1386375340612105,1.2746001416595905,52,ATG14;BECN1;CREBBP;G3BP2;HLA-C;HLA-F;HSP90AA1;IFIH1;IKBKG;IRAK2;IRF3;IRF7;KPNA2;LARP1;NDC1;NLRP3;NOD1;NUP107;NUP133;NUP153;NUP214;NUP43;NUP88;NUP93;NUP98;PTPN11;RANBP2;RPS15A;RPS27A;RPS27L;RPS3A;RPS4Y1;RPS6;RPSA;SEC13;SEC24D;SEH1L;SNRPD2;SNRPD3;SNRPE;SNRPF;STAT1;STAT2;TKFC;TPR;TRAF6;TUFM;UBA52;VPS11;VPS39;YWHAB;YWHAH,159,AAAS;AKT1;AKT2;AKT3;ATG14;B2M;BECN1;CAV1;CHUK;CNBP;CREBBP;DDX20;FAU;G3BP1;G3BP2;GEMIN2;GEMIN4;GEMIN5;GEMIN6;GEMIN8;GJA1;HLA-A;HLA-B;HLA-C;HLA-E;HLA-F;HSP90AA1;HSP90AB1;IFIH1;IFNA2;IFNAR1;IKBKB;IKBKE;IKBKG;IL17RA;IL17RC;IRAK1;IRAK2;IRF3;IRF7;ISG15;JAK1;KPNA2;LARP1;MAP1LC3B;MAP3K7;MASP1;MAVS;NDC1;NLRP3;NOD1;NOD2;NUP107;NUP133;NUP153;NUP155;NUP160;NUP188;NUP205;NUP210;NUP214;NUP35;NUP37;NUP43;NUP50;NUP54;NUP58;NUP85;NUP88;NUP93;NUP98;PATJ;PDPK1;PIK3C3;POM121;POM121C;PTPN11;PTPN6;RANBP2;RIPK2;RNF135;RPS11;RPS12;RPS13;RPS14;RPS15;RPS15A;RPS16;RPS18;RPS2;RPS20;RPS21;RPS23;RPS24;RPS25;RPS26;RPS27;RPS27A;RPS27L;RPS28;RPS29;RPS3;RPS3A;RPS4X;RPS4Y1;RPS5;RPS6;RPS8;RPS9;RPSA;SEC13;SEC23A;SEC24A;SEC24B;SEC24C;SEC24D;SEH1L;SFTPD;SMN1;SNRPB;SNRPD1;SNRPD2;SNRPD3;SNRPE;SNRPF;SNRPG;STAT1;STAT2;TAB1;TAB2;TBK1;TJP1;TKFC;TLR1;TLR2;TLR8;TOMM70;TPR;TRAF3;TRAF6;TRIM25;TRIM4;TUFM;TYK2;UBA52;UBB;UBC;UBE2N;UVRAG;VPS11;VPS16;VPS18;VPS39;YWHAB;YWHAE;YWHAG;YWHAH;YWHAQ;YWHAZ,159,IKBKG;TJP1;PTPN11;SNRPD2;HSP90AA1;RPS3;NUP35;HLA-E;B2M;RPS3A;RPS14;SNRPD3;IFIH1;IFNAR1;IL17RA;TBK1;PDPK1;GJA1;HLA-C;STAT1;RPS27L;TUFM;TKFC;RPS6;TRAF6;BECN1;TAB2;RPS4Y1;IRF7;NUP93;G3BP2;SNRPF;TLR1;PIK3C3;LARP1;NUP107;NUP214;SEH1L;NUP54;RPS12;UBA52;RPS15A;RPS27A;RPS9;RPS21;HLA-B;RPS25;SEC13;NUP50;KPNA2;NDC1;NUP43;NUP153;STAT2;YWHAB;ATG14;CNBP;IRF3;IKBKB;GEMIN4;RPS5;SNRPB;TRAF3;NUP37;NUP133;RPS20;SEC24B;G3BP1;TRIM25;NUP88;MAP3K7;SNRPG;POM121;NUP160;TAB1;CHUK;SEC23A;GEMIN5;NUP188;CAV1;HLA-F;ISG15;RPS13;FAU;YWHAH;IRAK2;RPS11;RPS4X;RPS27;UBC;SNRPD1;GEMIN8;HLA-A;AAAS;RANBP2;RPS29;AKT1;RPS16;RPSA;RIPK2;RPS24;VPS16;SNRPE;VPS11;UVRAG;GEMIN6;IL17RC;RPS28;RNF135;NUP155;SEC24A;DDX20;CREBBP;VPS18;IRAK1;TRIM4;GEMIN2;SEC24C;VPS39;NUP58;RPS26;TLR2;NLRP3;RPS15;SFTPD;UBB;NOD1;SMN1;TYK2;SEC24D;PTPN6;NUP98;RPS2;AKT3;TPR;RPS18;MASP1;RPS23;NUP205;YWHAE;POM121C;JAK1;AKT2;PATJ;TOMM70;YWHAG;RPS8;YWHAZ;HSP90AB1;MAP1LC3B;MAVS;UBE2N;YWHAQ;NUP85;NUP210;IKBKE;IFNA2;TLR8;NOD2,52,IKBKG;PTPN11;SNRPD2;HSP90AA1;RPS3A;SNRPD3;IFIH1;HLA-C;STAT1;RPS27L;TUFM;TKFC;RPS6;TRAF6;BECN1;RPS4Y1;IRF7;NUP93;G3BP2;SNRPF;LARP1;NUP107;NUP214;SEH1L;UBA52;RPS15A;RPS27A;SEC13;KPNA2;NDC1;NUP43;NUP153;STAT2;YWHAB;ATG14;IRF3;NUP133;NUP88;HLA-F;YWHAH;IRAK2;RANBP2;RPSA;SNRPE;VPS11;CREBBP;VPS39;NLRP3;NOD1;SEC24D;NUP98;TPR,22,4
27,63,Aerobic respiration and respiratory electron transport,R3_recurrent_directional,4,Astro;Micro;OPC;Oligo,4,0,0,OPC,-1.319590908267818,-1.4490497047982258,0.3698281925956683,0.3101228465500941,0.3698281925956683,-1.1173747492790935,-1.96901330955159,1.1173747492790935,1.319590908267818,69,ATP5F1D;ATP5MC1;ATP5PB;BCS1L;COQ10A;COQ10B;COX11;COX18;COX20;COX4I1;COX5A;COX5B;COX6B1;COX7A2;COX7A2L;COX7B;CYCS;D2HGDH;DMAC2;ETFA;ETFB;FH;GLO1;GOT1;GOT2;GSTZ1;IDH2;IDH3A;IDH3G;L2HGDH;LDHA;LETM1;ME1;NDUFA10;NDUFA12;NDUFA3;NDUFAB1;NDUFB1;NDUFB10;NDUFB11;NDUFB9;NDUFS3;NDUFS4;NDUFS5;NDUFS6;NDUFV1;OXA1L;PDHB;PDK3;PDK4;PKM;PYURF;RMND5B;RPS27A;SCO1;SDHAF1;SFXN4;SIRT3;SLC25A11;SLC25A12;SLC25A13;SLC25A14;SLC25A22;SUCLG1;SUCLG2;UBA52;UQCR10;UQCRB;UQCRQ,168,ACAD9;ACAT1;ACO2;ATP5F1A;ATP5F1B;ATP5F1C;ATP5F1D;ATP5F1E;ATP5MC1;ATP5MC3;ATP5ME;ATP5PB;ATP5PD;BCS1L;CMC1;COA3;COA5;COQ10A;COQ10B;COX11;COX18;COX20;COX4I1;COX5A;COX5B;COX6B1;COX6C;COX7A2;COX7A2L;COX7B;COX7C;CS;CSKMT;CYC1;CYCS;D2HGDH;DLAT;DLD;DLST;DMAC1;DMAC2;ECSIT;ETFA;ETFB;ETFDH;FAHD1;FH;FOXRED1;GID4;GLO1;GOT1;GOT2;GPT;GSTZ1;HAGH;HCCS;IDH2;IDH3A;IDH3B;IDH3G;ISCA1;ISCU;L2HGDH;LDHA;LETM1;MAEA;MDH1;MDH2;ME1;ME2;MPC1;MPC2;NDUFA1;NDUFA10;NDUFA12;NDUFA2;NDUFA3;NDUFA5;NDUFA6;NDUFA8;NDUFAB1;NDUFAF1;NDUFAF3;NDUFAF5;NDUFAF6;NDUFAF7;NDUFAF8;NDUFB1;NDUFB10;NDUFB11;NDUFB2;NDUFB3;NDUFB4;NDUFB5;NDUFB6;NDUFB7;NDUFB9;NDUFS2;NDUFS3;NDUFS4;NDUFS5;NDUFS6;NDUFS7;NDUFS8;NDUFV1;NFS1;OGDH;OXA1L;PC;PDHA1;PDHB;PDHX;PDK1;PDK2;PDK3;PDK4;PGAM5;PKM;PNKD;PYURF;RAB5IF;RANBP9;RMND5B;RPS27A;SCO1;SDHA;SDHAF1;SDHAF3;SDHAF4;SDHB;SDHC;SFXN4;SIRT3;SLC25A11;SLC25A12;SLC25A13;SLC25A14;SLC25A18;SLC25A22;SLC25A4;SMIM20;SUCLA2;SUCLG1;SUCLG2;SURF1;TACO1;TIMMDC1;TMEM126A;TMEM126B;TMEM186;TMEM223;UBA52;UBB;UBC;UCP2;UCP3;UQCC1;UQCC2;UQCC3;UQCR10;UQCRB;UQCRC1;UQCRC2;UQCRFS1;UQCRH;UQCRHL;UQCRQ;VDAC1,168,NDUFB10;NDUFAF3;GSTZ1;NDUFA5;NDUFS4;DLST;NDUFB11;PKM;COX5B;UQCRB;SDHAF4;PDHX;ACAT1;ISCU;PC;NDUFAF1;PDK2;NDUFAF5;MAEA;ETFB;UQCRQ;COX4I1;NDUFS3;IDH3G;UQCR10;COX7C;L2HGDH;ETFA;NDUFS6;NFS1;RMND5B;NDUFB7;GOT1;NDUFAF6;SIRT3;COX20;COX7A2L;CS;NDUFA10;COX11;NDUFS7;SLC25A12;NDUFA1;SUCLG2;SFXN4;PDK4;BCS1L;COQ10A;NDUFB9;UBA52;OXA1L;RPS27A;CYC1;FOXRED1;NDUFV1;COX18;SLC25A18;IDH3B;PYURF;D2HGDH;GLO1;NDUFB1;NDUFS2;GID4;FAHD1;NDUFA6;ACO2;UQCC3;UQCC2;MDH1;LETM1;SURF1;ETFDH;SUCLG1;UQCRC1;DLAT;PDHA1;OGDH;TMEM223;ACAD9;CYCS;SLC25A22;NDUFS5;COA3;SDHAF1;COX6B1;MDH2;UBC;NDUFA8;FH;SLC25A14;TACO1;GOT2;COX5A;UQCRFS1;PNKD;TMEM186;PDK3;NDUFA12;PDK1;IDH3A;SLC25A11;DLD;UCP3;TMEM126B;RANBP9;COX7A2;NDUFS8;COQ10B;SDHB;UQCC1;NDUFAF7;SDHC;CMC1;LDHA;NDUFA3;NDUFA2;COX7B;SLC25A4;UBB;NDUFAB1;GPT;SMIM20;VDAC1;PGAM5;SDHAF3;NDUFB5;NDUFB4;UQCRH;COA5;PDHB;ME1;NDUFB3;TMEM126A;TIMMDC1;ECSIT;SLC25A13;HAGH;UQCRC2;MPC1;ME2;SCO1;SUCLA2;IDH2;NDUFB6;UCP2;ATP5F1B;DMAC2;ATP5MC1;ATP5F1D;DMAC1;ATP5PB;ATP5F1C;ATP5F1A;CSKMT;ATP5F1E;ATP5ME;ATP5PD;NDUFAF8;ATP5MC3;RAB5IF;UQCRHL;HCCS;COX6C;NDUFB2;SDHA;ISCA1;MPC2,69,NDUFB10;GSTZ1;NDUFS4;NDUFB11;PKM;COX5B;UQCRB;ETFB;UQCRQ;COX4I1;NDUFS3;IDH3G;UQCR10;L2HGDH;ETFA;NDUFS6;RMND5B;GOT1;SIRT3;COX20;COX7A2L;NDUFA10;COX11;SLC25A12;SUCLG2;SFXN4;PDK4;BCS1L;COQ10A;NDUFB9;UBA52;OXA1L;RPS27A;NDUFV1;COX18;PYURF;D2HGDH;GLO1;NDUFB1;LETM1;SUCLG1;CYCS;SLC25A22;NDUFS5;SDHAF1;COX6B1;FH;SLC25A14;GOT2;COX5A;PDK3;NDUFA12;IDH3A;SLC25A11;COX7A2;COQ10B;LDHA;NDUFA3;COX7B;NDUFAB1;PDHB;ME1;SLC25A13;SCO1;IDH2;DMAC2;ATP5MC1;ATP5F1D;ATP5PB,11,2
28,66,Mitochondrial protein degradation,R3_recurrent_directional,4,Astro;Micro;OPC;Oligo,4,0,0,OPC,-1.3616787974819655,-1.3359076734537871,0.34376256521091,0.3998928597459424,0.3998928597459424,-1.1122252125932544,-1.4770739774951114,1.1122252125932544,1.3359076734537871,27,AFG3L2;ALDH18A1;BDH1;CHCHD2;COX4I1;COX5A;FH;HSD17B10;IDH2;IDH3A;LDHD;MDH2;MRPL32;NDUFS3;NDUFV1;OXCT1;PCCB;PDHB;PMPCA;PRKACA;SLC25A5;SPG7;STARD7;SUCLG2;TIMM10;TRIAP1;UQCRQ,69,ACAD8;ACADSB;ACAT1;ACO2;ACOT2;AFG3L2;ALAS1;ALDH18A1;APP;ARG2;ATP5F1A;ATP5F1B;ATP5F1C;ATP5PD;ATP5PF;BDH1;CHCHD2;CLPX;COX4I1;COX5A;COX5B;CS;DBT;DLD;ECH1;FH;GLUD1;HADH;HSD17B10;HSPD1;HTRA2;IDH2;IDH3A;LDHD;LONP1;MDH2;ME2;MICU2;MRPL32;MRPS10;NDUFA2;NDUFB6;NDUFS3;NDUFV1;OGDH;OPA1;OXCT1;OXSM;PCCB;PDHA1;PDHB;PDK1;PMPCA;PRELID1;PRKACA;SHMT2;SLC25A5;SMDT1;SPG7;STARD7;SUCLG2;TIMM10;TIMM17A;TIMM22;TIMM9;TRIAP1;UQCRC2;UQCRQ;YME1L1,69,HSD17B10;COX5B;ECH1;ACAD8;ACAT1;APP;GLUD1;UQCRQ;COX4I1;TIMM10;LDHD;NDUFS3;BDH1;SPG7;PRKACA;AFG3L2;CS;SUCLG2;CLPX;PRELID1;MRPL32;SLC25A5;TIMM9;PMPCA;CHCHD2;NDUFV1;TIMM17A;ACO2;STARD7;HTRA2;PCCB;PDHA1;OGDH;YME1L1;SHMT2;ARG2;MDH2;ALAS1;OXSM;TIMM22;FH;COX5A;PDK1;IDH3A;OXCT1;DLD;OPA1;MICU2;HSPD1;NDUFA2;TRIAP1;LONP1;ALDH18A1;PDHB;HADH;UQCRC2;ACOT2;ME2;ACADSB;IDH2;MRPS10;NDUFB6;ATP5F1B;ATP5F1C;ATP5F1A;ATP5PD;ATP5PF;SMDT1;DBT,27,HSD17B10;UQCRQ;COX4I1;TIMM10;LDHD;NDUFS3;BDH1;SPG7;PRKACA;AFG3L2;SUCLG2;MRPL32;SLC25A5;PMPCA;CHCHD2;NDUFV1;STARD7;PCCB;MDH2;FH;COX5A;IDH3A;OXCT1;TRIAP1;ALDH18A1;PDHB;IDH2,28,1
29,67,Complex IV assembly,R3_recurrent_directional,4,Astro;Micro;OPC;Oligo,4,0,0,Astro,-1.686410378161992,-1.9596066213753192,0.1139502312177803,0.0026927418073231,0.1139502312177803,-1.3837368411396276,-1.5629858131482326,1.1119085008490115,1.686410378161992,15,COA3;COQ10A;COQ10B;COX11;COX18;COX20;COX4I1;COX5A;COX6B1;COX7A2;COX7A2L;COX7B;COX7C;SCO1;TACO1,24,CMC1;COA3;COA5;COQ10A;COQ10B;COX11;COX18;COX20;COX4I1;COX5A;COX5B;COX6B1;COX6C;COX7A2;COX7A2L;COX7B;COX7C;PNKD;RAB5IF;SCO1;SMIM20;SURF1;TACO1;TMEM223,24,COX5B;COX4I1;COX7C;COX20;COX7A2L;COX11;COQ10A;COX18;SURF1;TMEM223;COA3;COX6B1;TACO1;COX5A;PNKD;COX7A2;COQ10B;CMC1;COX7B;SMIM20;COA5;SCO1;RAB5IF;COX6C,15,COX4I1;COX7C;COX20;COX7A2L;COX11;COQ10A;COX18;COA3;COX6B1;TACO1;COX5A;COX7A2;COQ10B;COX7B;SCO1,207,1
30,69,Signaling by PDGF,R3_recurrent_directional,4,Astro;Micro;OPC;Oligo,4,0,0,Astro,1.7603554627094518,1.3512289221756395,0.0736430097766553,0.5462785833949785,0.5462785833949785,1.1109268852225989,1.3307900081976551,1.1109268852225989,1.3512289221756395,13,COL4A2;COL5A1;COL5A3;COL6A2;COL6A6;CRK;CRKL;PDGFC;PIK3CA;RAPGEF1;RASA1;SOS1;STAT6,40,BCAR1;COL4A1;COL4A2;COL4A3;COL4A4;COL4A5;COL5A1;COL5A2;COL5A3;COL6A1;COL6A2;COL6A6;COL9A1;COL9A2;COL9A3;CRK;CRKL;FURIN;KRAS;NCK1;NCK2;PDGFA;PDGFC;PDGFRA;PDGFRB;PIK3CA;PIK3R1;PLCG1;PTPN12;RAPGEF1;RASA1;SOS1;SPP1;SRC;STAT3;STAT5A;STAT5B;STAT6;THBS2;THBS4,40,NCK1;PIK3R1;RAPGEF1;COL9A1;STAT3;PDGFC;THBS4;PIK3CA;SOS1;COL6A6;CRKL;CRK;BCAR1;COL4A2;RASA1;SPP1;COL4A4;COL6A1;COL4A3;PDGFRB;STAT6;COL5A1;SRC;COL5A3;NCK2;PDGFA;STAT5B;COL6A2;COL9A3;COL4A5;COL5A2;COL9A2;PTPN12;COL4A1;STAT5A;FURIN;KRAS;THBS2;PLCG1;PDGFRA,13,RAPGEF1;PDGFC;PIK3CA;SOS1;COL6A6;CRKL;CRK;COL4A2;RASA1;STAT6;COL5A1;COL5A3;COL6A2,121,1
