figure_order,pathway,cell_type,disease,NES,FDR,FDR05
1,Glycogen storage diseases,Astro,AD,-1.8596830182522075,0.0365821795096945,True
1,Glycogen storage diseases,Astro,PD,-1.8428353995410056,0.0088222671033835,True
1,Glycogen storage diseases,Micro,AD,-1.2132045654598196,0.8510245313182031,False
1,Glycogen storage diseases,Micro,PD,-1.2211364853379223,0.3146351543755899,False
1,Glycogen storage diseases,OPC,AD,-1.4046727035991835,0.3130145256385206,False
1,Glycogen storage diseases,OPC,PD,-1.5790105684228526,0.2020989486148836,False
1,Glycogen storage diseases,Oligo,AD,-1.6439404955000485,0.7858447467786529,False
1,Glycogen storage diseases,Oligo,PD,-1.4402588402838612,0.2031563956497347,False
2,Metabolism of amino acids and derivatives,Astro,AD,-2.0115476727304844,0.0111080748638427,True
2,Metabolism of amino acids and derivatives,Astro,PD,-1.921671726954135,0.0039737146709781,True
2,Metabolism of amino acids and derivatives,Micro,AD,-1.9351620145953368,0.0274776748811907,True
2,Metabolism of amino acids and derivatives,Micro,PD,-0.9765828292668202,0.6652433123135949,False
2,Metabolism of amino acids and derivatives,OPC,AD,-1.9665190911514416,0.0650648171271082,False
2,Metabolism of amino acids and derivatives,OPC,PD,-0.7767838501440719,0.9470549616046724,False
2,Metabolism of amino acids and derivatives,Oligo,AD,-1.333703543883649,0.7173279742477787,False
2,Metabolism of amino acids and derivatives,Oligo,PD,-1.1772726406869496,0.4683453166821414,False
3,Cholesterol biosynthesis,Astro,AD,-0.9277108508315488,0.8469638042195023,False
3,Cholesterol biosynthesis,Astro,PD,-2.24097418603993,8.11673548081995e-05,True
3,Cholesterol biosynthesis,Micro,AD,-1.494223801010298,0.4714159602773464,False
3,Cholesterol biosynthesis,Micro,PD,-1.5703696050046894,0.0747442741853265,False
3,Cholesterol biosynthesis,OPC,AD,-2.582347452656486,0.0,True
3,Cholesterol biosynthesis,OPC,PD,-2.065467224822971,0.0112585982886833,True
3,Cholesterol biosynthesis,Oligo,AD,-1.369050794691627,0.7334550969934093,False
3,Cholesterol biosynthesis,Oligo,PD,0.5879983407682662,0.9969599944654828,False
4,SARS-CoV-1 modulates host translation machinery,Astro,AD,-1.86613692486794,0.0356203071052835,True
4,SARS-CoV-1 modulates host translation machinery,Astro,PD,-1.6212037798207064,0.0475384242061508,True
4,SARS-CoV-1 modulates host translation machinery,Micro,AD,-1.934880377591112,0.0265067323058836,True
4,SARS-CoV-1 modulates host translation machinery,Micro,PD,2.0340267434260726,0.0039112846889708,True
4,SARS-CoV-1 modulates host translation machinery,OPC,AD,-1.2115556886023258,0.453610085335298,False
4,SARS-CoV-1 modulates host translation machinery,OPC,PD,1.6838000168352725,0.1739053099174861,False
4,SARS-CoV-1 modulates host translation machinery,Oligo,AD,-0.953628591190654,1.0,False
4,SARS-CoV-1 modulates host translation machinery,Oligo,PD,-0.9468623952078956,0.7639900212368228,False
5,Attenuation phase,Astro,AD,2.230190415594936,0.0057368958331575,True
5,Attenuation phase,Astro,PD,-1.1470438610179112,0.407551465063645,False
5,Attenuation phase,Micro,AD,2.325462983431777,0.0029552599644853,True
5,Attenuation phase,Micro,PD,0.910325491001952,0.7932435910207581,False
5,Attenuation phase,OPC,AD,2.085909259940045,0.0098149823476195,True
5,Attenuation phase,OPC,PD,-1.075709143803317,0.7152115316654897,False
5,Attenuation phase,Oligo,AD,2.2801984256825505,0.004310850107204,True
5,Attenuation phase,Oligo,PD,1.9325658800209915,0.0319814001126217,True
6,Major pathway of rRNA processing in the nucleolus and cytosol,Astro,AD,-1.8906476429657235,0.0303713797371269,True
6,Major pathway of rRNA processing in the nucleolus and cytosol,Astro,PD,-1.891443623997533,0.0054043930409792,True
6,Major pathway of rRNA processing in the nucleolus and cytosol,Micro,AD,-1.5117066669513686,0.4479929042466929,False
6,Major pathway of rRNA processing in the nucleolus and cytosol,Micro,PD,0.9207953866315012,0.7837067681809242,False
6,Major pathway of rRNA processing in the nucleolus and cytosol,OPC,AD,-1.843422979823207,0.0818853338932231,False
6,Major pathway of rRNA processing in the nucleolus and cytosol,OPC,PD,0.8994526500759717,0.8918097135148462,False
6,Major pathway of rRNA processing in the nucleolus and cytosol,Oligo,AD,0.6818054009564597,0.9909526269715524,False
6,Major pathway of rRNA processing in the nucleolus and cytosol,Oligo,PD,-0.6218488209953399,0.9943185398655716,False
7,Heme signaling,Astro,AD,1.9090485634685648,0.0426442590264712,True
7,Heme signaling,Astro,PD,1.6129674933600866,0.2871897527667783,False
7,Heme signaling,Micro,AD,1.3802106942614696,0.593060054154988,False
7,Heme signaling,Micro,PD,1.6751478883068418,0.0693158174609122,False
7,Heme signaling,OPC,AD,1.942614100965625,0.055981751167904,False
7,Heme signaling,OPC,PD,1.722842552495333,0.1773718690050892,False
7,Heme signaling,Oligo,AD,1.7115365248700254,0.3232503631857849,False
7,Heme signaling,Oligo,PD,2.35430168913563,0.0,True
8,Interferon alpha/beta signaling,Astro,AD,-1.3607659204688056,0.4616206833081656,False
8,Interferon alpha/beta signaling,Astro,PD,-2.296013166375317,7.854905304019306e-05,True
8,Interferon alpha/beta signaling,Micro,AD,-1.7439856990261462,0.1391037062889962,False
8,Interferon alpha/beta signaling,Micro,PD,-2.043455789861992,0.0032634945499641,True
8,Interferon alpha/beta signaling,OPC,AD,-1.9569473779395032,0.0500588773212166,False
8,Interferon alpha/beta signaling,OPC,PD,-1.9501398274739108,0.0194364856028513,True
8,Interferon alpha/beta signaling,Oligo,AD,-0.8311065380223506,1.0,False
8,Interferon alpha/beta signaling,Oligo,PD,-0.705731025916391,0.9887899092409312,False
9,Cohesin Loading onto Chromatin,Astro,AD,1.4441839211717955,0.2389332249187152,False
9,Cohesin Loading onto Chromatin,Astro,PD,1.48117144519972,0.4340436939246029,False
9,Cohesin Loading onto Chromatin,Micro,AD,0.8583255972208244,1.0,False
9,Cohesin Loading onto Chromatin,Micro,PD,1.45098868048847,0.1976236995043672,False
9,Cohesin Loading onto Chromatin,OPC,AD,1.3853853110837828,0.5934674761841429,False
9,Cohesin Loading onto Chromatin,OPC,PD,1.5863079429945646,0.2098604898844682,False
9,Cohesin Loading onto Chromatin,Oligo,AD,1.4528025316764055,0.6008488615839536,False
9,Cohesin Loading onto Chromatin,Oligo,PD,1.774005798957251,0.0766366073121275,False
10,Gluconeogenesis,Astro,AD,-1.507566673411284,0.3033807619796348,False
10,Gluconeogenesis,Astro,PD,-1.3621235156388023,0.1847184293103219,False
10,Gluconeogenesis,Micro,AD,-1.10606533821085,0.8672170834065912,False
10,Gluconeogenesis,Micro,PD,-1.7099981336878427,0.0337672266116329,True
10,Gluconeogenesis,OPC,AD,-1.644939474989911,0.1353709667450112,False
10,Gluconeogenesis,OPC,PD,-1.7578686409159152,0.0886183463099818,False
10,Gluconeogenesis,Oligo,AD,-1.3249575126036277,0.7083374070102693,False
10,Gluconeogenesis,Oligo,PD,-1.8562180037479976,0.0364067525839516,True
11,Glycosphingolipid catabolism,Astro,AD,-1.754660436289022,0.0763447435823608,False
11,Glycosphingolipid catabolism,Astro,PD,-1.111106563556444,0.4599367091368095,False
11,Glycosphingolipid catabolism,Micro,AD,-1.6834107359374817,0.2035690731680146,False
11,Glycosphingolipid catabolism,Micro,PD,-1.0291183734104234,0.583730648879554,False
11,Glycosphingolipid catabolism,OPC,AD,-1.6982940232642367,0.1065377911526637,False
11,Glycosphingolipid catabolism,OPC,PD,-1.9333519635730607,0.0221811190165104,True
11,Glycosphingolipid catabolism,Oligo,AD,-1.9370368071373325,0.5057685913523509,False
11,Glycosphingolipid catabolism,Oligo,PD,-1.5292804554235229,0.1518384379550613,False
12,RAC3 GTPase cycle,Astro,AD,1.728756307072649,0.0861149042384331,False
12,RAC3 GTPase cycle,Astro,PD,1.438093988214024,0.4832810067434934,False
12,RAC3 GTPase cycle,Micro,AD,-0.8485285684200197,1.0,False
12,RAC3 GTPase cycle,Micro,PD,-0.7638066803713118,0.9303010195662912,False
12,RAC3 GTPase cycle,OPC,AD,1.3285505812229197,0.6319364579553258,False
12,RAC3 GTPase cycle,OPC,PD,1.535130442623737,0.247831276718242,False
12,RAC3 GTPase cycle,Oligo,AD,1.2987925696264666,0.644778022324934,False
12,RAC3 GTPase cycle,Oligo,PD,1.705834189291368,0.0858979467215424,False
13,Vif-mediated degradation of APOBEC3G,Astro,AD,-1.2719048512762785,0.5083778957739632,False
13,Vif-mediated degradation of APOBEC3G,Astro,PD,-2.3803694053061983,0.0,True
13,Vif-mediated degradation of APOBEC3G,Micro,AD,-1.4309913841895474,0.5698947445764985,False
13,Vif-mediated degradation of APOBEC3G,Micro,PD,-1.8649020206992435,0.0120933644024927,True
13,Vif-mediated degradation of APOBEC3G,OPC,AD,-1.704190390144896,0.1067045632898688,False
13,Vif-mediated degradation of APOBEC3G,OPC,PD,-1.0215578433257575,0.7603949695233271,False
13,Vif-mediated degradation of APOBEC3G,Oligo,AD,-1.3054902412468588,0.7591519136681354,False
13,Vif-mediated degradation of APOBEC3G,Oligo,PD,-1.6546166991788365,0.0963177674047157,False
14,Interferon Signaling,Astro,AD,-1.231501401692399,0.5658891153425594,False
14,Interferon Signaling,Astro,PD,-1.9228556871230973,0.0039381198073607,True
14,Interferon Signaling,Micro,AD,-1.2675752388956218,0.8353868550120318,False
14,Interferon Signaling,Micro,PD,-1.6087128632264054,0.0592018308204425,False
14,Interferon Signaling,OPC,AD,-1.3178876897798577,0.3702306458791644,False
14,Interferon Signaling,OPC,PD,-1.512359289237177,0.2467843381487278,False
14,Interferon Signaling,Oligo,AD,1.1225876773560275,0.7553943698568939,False
14,Interferon Signaling,Oligo,PD,0.6980396565491344,0.9718020565428702,False
15,"Gamma carboxylation, hypusinylation, hydroxylation, and arylsulfatase activation",Astro,AD,-1.3467963200752833,0.47376135884808,False
15,"Gamma carboxylation, hypusinylation, hydroxylation, and arylsulfatase activation",Astro,PD,-1.1952013897222749,0.3476266891346783,False
15,"Gamma carboxylation, hypusinylation, hydroxylation, and arylsulfatase activation",Micro,AD,-1.3993808428938703,0.611028322219977,False
15,"Gamma carboxylation, hypusinylation, hydroxylation, and arylsulfatase activation",Micro,PD,-1.2886870708274087,0.2472217397809722,False
15,"Gamma carboxylation, hypusinylation, hydroxylation, and arylsulfatase activation",OPC,AD,-1.6175094480027208,0.1551259020813148,False
15,"Gamma carboxylation, hypusinylation, hydroxylation, and arylsulfatase activation",OPC,PD,-1.396241605643771,0.3569798392840163,False
15,"Gamma carboxylation, hypusinylation, hydroxylation, and arylsulfatase activation",Oligo,AD,-1.2123344829680798,0.8440594027697437,False
15,"Gamma carboxylation, hypusinylation, hydroxylation, and arylsulfatase activation",Oligo,PD,-0.9086235387433096,0.8277841866026402,False
16,Sulfur amino acid metabolism,Astro,AD,-1.232932542043352,0.5674611865822425,False
16,Sulfur amino acid metabolism,Astro,PD,-1.6014734904484624,0.0533473699839543,False
16,Sulfur amino acid metabolism,Micro,AD,-1.2504575570185357,0.8399985210451971,False
16,Sulfur amino acid metabolism,Micro,PD,-1.2601080445079624,0.2736983188620893,False
16,Sulfur amino acid metabolism,OPC,AD,-1.0436509757887176,0.6493678841728537,False
16,Sulfur amino acid metabolism,OPC,PD,-1.5664940270738374,0.2170598936484994,False
16,Sulfur amino acid metabolism,Oligo,AD,-1.5734991654254846,0.6595385582393157,False
16,Sulfur amino acid metabolism,Oligo,PD,-1.6626794156203075,0.0975481285377516,False
17,Citric acid cycle (TCA cycle),Astro,AD,-1.0165923991446968,0.7577256873057898,False
17,Citric acid cycle (TCA cycle),Astro,PD,-1.8925425449049984,0.0053351575913254,True
17,Citric acid cycle (TCA cycle),Micro,AD,-1.2417219686378491,0.8422906944424787,False
17,Citric acid cycle (TCA cycle),Micro,PD,-1.936484468814775,0.0074923104186421,True
17,Citric acid cycle (TCA cycle),OPC,AD,-1.591752330436949,0.1673705351255819,False
17,Citric acid cycle (TCA cycle),OPC,PD,-1.4471834585610588,0.3116069134563751,False
17,Citric acid cycle (TCA cycle),Oligo,AD,-1.1686147156014934,0.9022826332914388,False
17,Citric acid cycle (TCA cycle),Oligo,PD,-1.8361405607397927,0.0424225032919869,True
18,Amino acid transport across the plasma membrane,Astro,AD,1.7658970278527306,0.0747542470085793,False
18,Amino acid transport across the plasma membrane,Astro,PD,1.1960952901191289,0.5969444174821494,False
18,Amino acid transport across the plasma membrane,Micro,AD,1.0465219092247393,0.8952736428529879,False
18,Amino acid transport across the plasma membrane,Micro,PD,1.367279425936108,0.2638440248325959,False
18,Amino acid transport across the plasma membrane,OPC,AD,-1.212017470595955,0.453981706687116,False
18,Amino acid transport across the plasma membrane,OPC,PD,-1.455937553125333,0.3055682759414174,False
18,Amino acid transport across the plasma membrane,Oligo,AD,2.199773565788716,0.0059274188974055,True
18,Amino acid transport across the plasma membrane,Oligo,PD,1.4007476625592648,0.2550647467761873,False
19,Signaling by TGF-beta Receptor Complex,Astro,AD,1.2227062760653098,0.4195044960824569,False
19,Signaling by TGF-beta Receptor Complex,Astro,PD,0.8758242443450384,0.9349026520891328,False
19,Signaling by TGF-beta Receptor Complex,Micro,AD,1.495990955152257,0.4925600237982038,False
19,Signaling by TGF-beta Receptor Complex,Micro,PD,1.3750882715490114,0.2614817669295896,False
19,Signaling by TGF-beta Receptor Complex,OPC,AD,0.9930621521595706,0.8976218666347147,False
19,Signaling by TGF-beta Receptor Complex,OPC,PD,1.166689889025059,0.5828295276622898,False
19,Signaling by TGF-beta Receptor Complex,Oligo,AD,1.5869468610975774,0.6249870485424411,False
19,Signaling by TGF-beta Receptor Complex,Oligo,PD,1.5273763444904644,0.1685833044030959,False
20,Translation,Astro,AD,-1.7715914121009853,0.0751377488555354,False
20,Translation,Astro,PD,-2.369371713015308,6.407949063805223e-05,True
20,Translation,Micro,AD,-1.479205853190171,0.4580791873722135,False
20,Translation,Micro,PD,-1.326928702786439,0.2112857430146866,False
20,Translation,OPC,AD,-1.6519541869704824,0.1329539055955241,False
20,Translation,OPC,PD,-0.6292771651046136,0.9817261208707548,False
20,Translation,Oligo,AD,-1.033387027235384,1.0,False
20,Translation,Oligo,PD,-1.670771259696064,0.0991391598481181,False
21,Diseases associated with the TLR signaling cascade,Astro,AD,1.360800661775194,0.2700010796813366,False
21,Diseases associated with the TLR signaling cascade,Astro,PD,1.2199020247647967,0.6055527845466545,False
21,Diseases associated with the TLR signaling cascade,Micro,AD,-1.1315700487456162,0.8807563031243558,False
21,Diseases associated with the TLR signaling cascade,Micro,PD,-1.3207330006705902,0.2166036840929619,False
21,Diseases associated with the TLR signaling cascade,OPC,AD,1.0394751031536218,0.8638995586939426,False
21,Diseases associated with the TLR signaling cascade,OPC,PD,1.2002326471665337,0.5440309935179717,False
21,Diseases associated with the TLR signaling cascade,Oligo,AD,1.2722567657485846,0.656700454186217,False
21,Diseases associated with the TLR signaling cascade,Oligo,PD,1.753215304046984,0.0774408581065013,False
22,Defective pyroptosis,Astro,AD,1.0414181723159464,0.6615981517604322,False
22,Defective pyroptosis,Astro,PD,1.1232171170624892,0.6738429439363941,False
22,Defective pyroptosis,Micro,AD,-0.7365987956025545,0.9838451966001968,False
22,Defective pyroptosis,Micro,PD,-1.5483101744923409,0.0844463861843494,False
22,Defective pyroptosis,OPC,AD,1.5157261013410144,0.5845821662135438,False
22,Defective pyroptosis,OPC,PD,1.2664943996940434,0.4796223445263646,False
22,Defective pyroptosis,Oligo,AD,1.5739041610449207,0.5924445897331615,False
22,Defective pyroptosis,Oligo,PD,1.2947883919131165,0.3258461975680213,False
23,Constitutive Signaling by Aberrant PI3K in Cancer,Astro,AD,1.4303897974620856,0.2387733460298223,False
23,Constitutive Signaling by Aberrant PI3K in Cancer,Astro,PD,0.8824918763881499,0.9240971154512504,False
23,Constitutive Signaling by Aberrant PI3K in Cancer,Micro,AD,1.1811924812531094,0.7902087411351386,False
23,Constitutive Signaling by Aberrant PI3K in Cancer,Micro,PD,2.192275049847171,0.0009513935729929,True
23,Constitutive Signaling by Aberrant PI3K in Cancer,OPC,AD,1.1231447864006692,0.8037346015474011,False
23,Constitutive Signaling by Aberrant PI3K in Cancer,OPC,PD,1.1219269711668305,0.6498880091028761,False
23,Constitutive Signaling by Aberrant PI3K in Cancer,Oligo,AD,1.3319129942894048,0.6269369789367975,False
23,Constitutive Signaling by Aberrant PI3K in Cancer,Oligo,PD,1.3354869963569136,0.2967609514997651,False
24,Spry regulation of FGF signaling,Astro,AD,-1.1763290468411531,0.6325433547671397,False
24,Spry regulation of FGF signaling,Astro,PD,-1.516418154198262,0.0905434277995533,False
24,Spry regulation of FGF signaling,Micro,AD,-1.105691030701844,0.8646677320793305,False
24,Spry regulation of FGF signaling,Micro,PD,-1.3481570479658154,0.1949139599598131,False
24,Spry regulation of FGF signaling,OPC,AD,-1.2202095482638222,0.4506418009818313,False
24,Spry regulation of FGF signaling,OPC,PD,-1.3652704454081557,0.3629305272846312,False
24,Spry regulation of FGF signaling,Oligo,AD,-0.9020438025390164,1.0,False
24,Spry regulation of FGF signaling,Oligo,PD,-0.6910221703302566,0.9859518684182824,False
25,ESR-mediated signaling,Astro,AD,1.2298728108859722,0.4186477532637476,False
25,ESR-mediated signaling,Astro,PD,1.0371802254890288,0.7630243816109865,False
25,ESR-mediated signaling,Micro,AD,1.2926456335580383,0.6777461857663374,False
25,ESR-mediated signaling,Micro,PD,1.1053094646338495,0.5737897639559719,False
25,ESR-mediated signaling,OPC,AD,1.2782740180069907,0.6410666395078655,False
25,ESR-mediated signaling,OPC,PD,1.220877009449965,0.5363845031617148,False
25,ESR-mediated signaling,Oligo,AD,1.1748879228312836,0.7330634285816925,False
25,ESR-mediated signaling,Oligo,PD,1.660564378618914,0.1018768885487666,False
26,SARS-CoV-2-host interactions,Astro,AD,-1.2746001416595905,0.5332198770804887,False
26,SARS-CoV-2-host interactions,Astro,PD,-1.4455619788815504,0.127989295052109,False
26,SARS-CoV-2-host interactions,Micro,AD,-1.0850014084472002,0.8899633238876786,False
26,SARS-CoV-2-host interactions,Micro,PD,-1.4269488698231885,0.1458448011342043,False
26,SARS-CoV-2-host interactions,OPC,AD,-1.1922736596752208,0.4721695643670904,False
26,SARS-CoV-2-host interactions,OPC,PD,-1.2510378003338518,0.4938259664447778,False
26,SARS-CoV-2-host interactions,Oligo,AD,0.8575638081770978,0.9521504641546692,False
26,SARS-CoV-2-host interactions,Oligo,PD,0.9696345362742635,0.7038128998725338,False
27,Aerobic respiration and respiratory electron transport,Astro,AD,-1.1859840616210606,0.6303475933773574,False
27,Aerobic respiration and respiratory electron transport,Astro,PD,-2.5221567187225804,0.0,True
27,Aerobic respiration and respiratory electron transport,Micro,AD,-1.005123522539385,0.988939339202937,False
27,Aerobic respiration and respiratory electron transport,Micro,PD,-1.8689462875467384,0.0117407270507398,True
27,Aerobic respiration and respiratory electron transport,OPC,AD,-1.319590908267818,0.3698281925956683,False
27,Aerobic respiration and respiratory electron transport,OPC,PD,-1.4490497047982258,0.3101228465500941,False
27,Aerobic respiration and respiratory electron transport,Oligo,AD,-1.0487654369371264,1.0,False
27,Aerobic respiration and respiratory electron transport,Oligo,PD,-2.069080331556442,0.0061835695701276,True
28,Mitochondrial protein degradation,Astro,AD,-1.1517508686461275,0.6693287381876966,False
28,Mitochondrial protein degradation,Astro,PD,-2.38916040366366,0.0,True
28,Mitochondrial protein degradation,Micro,AD,-0.8818022995446771,1.0,False
28,Mitochondrial protein degradation,Micro,PD,-1.4415711376368423,0.1368849849299266,False
28,Mitochondrial protein degradation,OPC,AD,-1.3616787974819655,0.34376256521091,False
28,Mitochondrial protein degradation,OPC,PD,-1.3359076734537871,0.3998928597459424,False
28,Mitochondrial protein degradation,Oligo,AD,-1.0726995565403812,1.0,False
28,Mitochondrial protein degradation,Oligo,PD,-1.5125768173533805,0.1608986539024522,False
29,Complex IV assembly,Astro,AD,-1.686410378161992,0.1139502312177803,False
29,Complex IV assembly,Astro,PD,-1.9596066213753192,0.0026927418073231,True
29,Complex IV assembly,Micro,AD,-0.6910400453457873,1.0,False
29,Complex IV assembly,Micro,PD,-1.2674452623418884,0.2644905796467892,False
29,Complex IV assembly,OPC,AD,-1.5037518394655631,0.2376346880135917,False
29,Complex IV assembly,OPC,PD,-0.9600951588843308,0.8009987786656245,False
29,Complex IV assembly,Oligo,AD,-1.263721842813692,0.8065262478001431,False
29,Complex IV assembly,Oligo,PD,-1.8585263639545768,0.0368711781282612,True
30,Signaling by PDGF,Astro,AD,1.7603554627094518,0.0736430097766553,False
30,Signaling by PDGF,Astro,PD,1.3512289221756395,0.5462785833949785,False
30,Signaling by PDGF,Micro,AD,1.08149985804862,0.853895404886172,False
30,Signaling by PDGF,Micro,PD,1.3292049704139122,0.313776161708049,False
30,Signaling by PDGF,OPC,AD,1.022120627285122,0.888584562446856,False
30,Signaling by PDGF,OPC,PD,1.090992422215514,0.6826047208673249,False
30,Signaling by PDGF,Oligo,AD,1.1403539123965778,0.7588619851216994,False
30,Signaling by PDGF,Oligo,PD,1.332375045981398,0.2989019995355606,False
