pathway,selected_representative,is_representative,jaccard_to_representative,shared_genes_with_representative
Glycogen storage diseases,Glycogen storage diseases,True,1.0,12
Metabolism of amino acids and derivatives,Metabolism of amino acids and derivatives,True,1.0,255
Cholesterol biosynthesis,Cholesterol biosynthesis,True,1.0,24
Regulation of expression of SLITs and ROBOs,Metabolism of amino acids and derivatives,False,0.35517241379310344,103
Lanosterol biosynthesis,Cholesterol biosynthesis,False,0.5,12
PELO:HBS1L and ABCE1 dissociate a ribosome on a non-stop mRNA,Metabolism of amino acids and derivatives,False,0.2824427480916031,74
Peptide chain elongation,Metabolism of amino acids and derivatives,False,0.2824427480916031,74
Eukaryotic Translation Elongation,Metabolism of amino acids and derivatives,False,0.2792452830188679,74
Viral mRNA Translation,Metabolism of amino acids and derivatives,False,0.2835249042145594,74
Response of EIF2AK4 (GCN2) to amino acid deficiency,Metabolism of amino acids and derivatives,False,0.2740740740740741,74
Eukaryotic Translation Termination,Metabolism of amino acids and derivatives,False,0.2792452830188679,74
Nonsense Mediated Decay (NMD) independent of the Exon Junction Complex (EJC),Metabolism of amino acids and derivatives,False,0.27611940298507465,74
Selenocysteine synthesis,Metabolism of amino acids and derivatives,False,0.3038461538461538,79
Formation of a pool of free 40S subunits,Metabolism of amino acids and derivatives,False,0.27205882352941174,74
ZNF598 and the Ribosome-associated Quality Trigger (RQT) complex dissociate a ribosome stalled on a no-go mRNA,Metabolism of amino acids and derivatives,False,0.275092936802974,74
Selenoamino acid metabolism,Metabolism of amino acids and derivatives,False,0.34615384615384615,90
SRP-dependent cotranslational protein targeting to membrane,Metabolism of amino acids and derivatives,False,0.2624113475177305,74
L13a-mediated translational silencing of Ceruloplasmin expression,Metabolism of amino acids and derivatives,False,0.26334519572953735,74
SARS-CoV-1 modulates host translation machinery,SARS-CoV-1 modulates host translation machinery,True,1.0,33
Nonsense Mediated Decay (NMD) enhanced by the Exon Junction Complex (EJC),SARS-CoV-1 modulates host translation machinery,False,0.3047619047619048,32
Nonsense-Mediated Decay (NMD),SARS-CoV-1 modulates host translation machinery,False,0.3047619047619048,32
GTP hydrolysis and joining of the 60S ribosomal subunit,SARS-CoV-1 modulates host translation machinery,False,0.3137254901960784,32
Cap-dependent Translation Initiation,SARS-CoV-1 modulates host translation machinery,False,0.29357798165137616,32
Eukaryotic Translation Initiation,SARS-CoV-1 modulates host translation machinery,False,0.29357798165137616,32
Attenuation phase,Attenuation phase,True,1.0,23
Influenza Viral RNA Transcription and Replication,SARS-CoV-1 modulates host translation machinery,False,0.2601626016260163,32
Ribosome-associated quality control,Metabolism of amino acids and derivatives,False,0.3626760563380282,103
Major pathway of rRNA processing in the nucleolus and cytosol,Major pathway of rRNA processing in the nucleolus and cytosol,True,1.0,165
rRNA processing,Major pathway of rRNA processing in the nucleolus and cytosol,False,0.8776595744680851,165
Heme signaling,Heme signaling,True,1.0,40
"Expression of BMAL (ARNTL), CLOCK, and NPAS2",Heme signaling,False,0.7804878048780488,32
Interferon alpha/beta signaling,Interferon alpha/beta signaling,True,1.0,53
"BMAL1:CLOCK,NPAS2 activates circadian expression",Heme signaling,False,0.34782608695652173,16
Cohesin Loading onto Chromatin,Cohesin Loading onto Chromatin,True,1.0,10
Diseases of carbohydrate metabolism,Glycogen storage diseases,False,0.46153846153846156,12
Glycogen metabolism,Glycogen storage diseases,False,0.38461538461538464,10
Mitotic Telophase/Cytokinesis,Cohesin Loading onto Chromatin,False,0.9090909090909091,10
Gluconeogenesis,Gluconeogenesis,True,1.0,14
Glycosphingolipid catabolism,Glycosphingolipid catabolism,True,1.0,25
RAC3 GTPase cycle,RAC3 GTPase cycle,True,1.0,76
Vif-mediated degradation of APOBEC3G,Vif-mediated degradation of APOBEC3G,True,1.0,38
RHOD GTPase cycle,RAC3 GTPase cycle,False,0.25263157894736843,24
Interferon Signaling,Interferon Signaling,True,1.0,253
Glycosphingolipid metabolism,Glycosphingolipid catabolism,False,0.6578947368421053,25
"Gamma carboxylation, hypusinylation, hydroxylation, and arylsulfatase activation","Gamma carboxylation, hypusinylation, hydroxylation, and arylsulfatase activation",True,1.0,44
Sulfur amino acid metabolism,Sulfur amino acid metabolism,True,1.0,22
Citric acid cycle (TCA cycle),Citric acid cycle (TCA cycle),True,1.0,30
Amino acid transport across the plasma membrane,Amino acid transport across the plasma membrane,True,1.0,24
Signaling by TGF-beta Receptor Complex,Signaling by TGF-beta Receptor Complex,True,1.0,69
Translation,Translation,True,1.0,268
Vpu mediated degradation of CD4,Vif-mediated degradation of APOBEC3G,False,0.825,33
Diseases associated with the TLR signaling cascade,Diseases associated with the TLR signaling cascade,True,1.0,19
Cross-presentation of soluble exogenous antigens (endosomes),Vif-mediated degradation of APOBEC3G,False,0.6590909090909091,29
SLC-mediated transport of amino acids,Amino acid transport across the plasma membrane,False,0.8518518518518519,23
Defective pyroptosis,Defective pyroptosis,True,1.0,11
Constitutive Signaling by Aberrant PI3K in Cancer,Constitutive Signaling by Aberrant PI3K in Cancer,True,1.0,44
DNA Double Strand Break Response,Vif-mediated degradation of APOBEC3G,False,0.4594594594594595,34
Spry regulation of FGF signaling,Spry regulation of FGF signaling,True,1.0,12
ESR-mediated signaling,ESR-mediated signaling,True,1.0,109
SARS-CoV-2-host interactions,SARS-CoV-2-host interactions,True,1.0,159
Degradation of GLI1 by the proteasome,Vif-mediated degradation of APOBEC3G,False,0.7906976744186046,34
FBXL7 down-regulates AURKA during mitotic entry and in early mitosis,Vif-mediated degradation of APOBEC3G,False,0.8095238095238095,34
Aerobic respiration and respiratory electron transport,Aerobic respiration and respiratory electron transport,True,1.0,168
Regulation of activated PAK-2p34 by proteasome mediated degradation,Vif-mediated degradation of APOBEC3G,False,0.868421052631579,33
Respiratory electron transport,Aerobic respiration and respiratory electron transport,False,0.5964912280701754,102
Mitochondrial protein degradation,Mitochondrial protein degradation,True,1.0,69
Complex IV assembly,Complex IV assembly,True,1.0,24
Signaling by TGFB family members,Signaling by TGF-beta Receptor Complex,False,0.6509433962264151,69
Signaling by PDGF,Signaling by PDGF,True,1.0,40
GLI3 is processed to GLI3R by the proteasome,Vif-mediated degradation of APOBEC3G,False,0.7906976744186046,34
Defective B3GALT6 causes EDSP2 and SEMDJL1,Defective B3GALT6 causes EDSP2 and SEMDJL1,True,1.0,19
Developmental Lineage of Pancreatic Endocrine Mid Progenitor Cells,Developmental Lineage of Pancreatic Endocrine Mid Progenitor Cells,True,1.0,18
Developmental Lineage of Pancreatic Ductal Cells,Developmental Lineage of Pancreatic Endocrine Mid Progenitor Cells,False,0.8888888888888888,16
Degradation of GLI2 by the proteasome,Vif-mediated degradation of APOBEC3G,False,0.8095238095238095,34
Sphingolipid metabolism,Glycosphingolipid catabolism,False,0.38461538461538464,25
Degradation of CRY and PER proteins,Vif-mediated degradation of APOBEC3G,False,0.7555555555555555,34
Nucleotide catabolism,Nucleotide catabolism,True,1.0,25
Antimicrobial mechanism of IFN-stimulated genes,Interferon Signaling,False,0.669260700389105,172
Proteasome assembly,Vif-mediated degradation of APOBEC3G,False,0.5370370370370371,29
Signaling by BMP,Signaling by BMP,True,1.0,20
DNA Damage Recognition in GG-NER,DNA Damage Recognition in GG-NER,True,1.0,30
"Defective B4GALT7 causes EDS, progeroid type",Defective B3GALT6 causes EDSP2 and SEMDJL1,False,0.9473684210526315,18
Diseases of Immune System,Diseases associated with the TLR signaling cascade,False,0.8260869565217391,19
Defective B3GAT3 causes JDSSDHD,Defective B3GALT6 causes EDSP2 and SEMDJL1,False,0.9,18
Degradation of DVL,Vif-mediated degradation of APOBEC3G,False,0.7727272727272727,34
Degradation of AXIN,Vif-mediated degradation of APOBEC3G,False,0.7857142857142857,33
Negative regulation of NOTCH4 signaling,Vif-mediated degradation of APOBEC3G,False,0.7727272727272727,34
Signaling by ALK,Signaling by ALK,True,1.0,21
Evasion by RSV of host interferon responses,Evasion by RSV of host interferon responses,True,1.0,19
Epigenetic regulation of adipogenesis genes by MLL3 and MLL4 complexes,Epigenetic regulation of adipogenesis genes by MLL3 and MLL4 complexes,True,1.0,57
Epigenetic regulation of gene expression by MLL3 and MLL4 complexes,Epigenetic regulation of adipogenesis genes by MLL3 and MLL4 complexes,False,1.0,57
MLL4 and MLL3 complexes regulate expression of PPARG target genes in adipogenesis and hepatic steatosis,Epigenetic regulation of adipogenesis genes by MLL3 and MLL4 complexes,False,1.0,57
Myogenesis,Myogenesis,True,1.0,20
"RORA,B,C and NR1D1 (REV-ERBA) regulate gene expression",Heme signaling,False,0.5121951219512195,21
Glucose metabolism,Gluconeogenesis,False,0.25,14
Metabolism of nucleotides,Nucleotide catabolism,False,0.3333333333333333,24
Erythropoietin activates RAS,Erythropoietin activates RAS,True,1.0,12
Signaling by MET,Developmental Lineage of Pancreatic Endocrine Mid Progenitor Cells,False,0.2711864406779661,16
Glycerophospholipid biosynthesis,Glycerophospholipid biosynthesis,True,1.0,77
Asymmetric localization of PCP proteins,Vif-mediated degradation of APOBEC3G,False,0.717391304347826,33
Metabolism of carbohydrates and carbohydrate derivatives,Metabolism of carbohydrates and carbohydrate derivatives,True,1.0,209
PI3K/AKT Signaling in Cancer,Constitutive Signaling by Aberrant PI3K in Cancer,False,0.6285714285714286,44
Mitochondrial Fatty Acid Beta-Oxidation,Mitochondrial Fatty Acid Beta-Oxidation,True,1.0,29
Regulation of BACH1 activity,Regulation of BACH1 activity,True,1.0,11
Negative Regulation of DNA Double Strand Break Response,Vif-mediated degradation of APOBEC3G,False,0.8095238095238095,34
MAPK6/MAPK4 signaling,Vif-mediated degradation of APOBEC3G,False,0.559322033898305,33
Developmental Cell Lineages,Developmental Lineage of Pancreatic Endocrine Mid Progenitor Cells,False,0.782608695652174,18
Retinoid metabolism and transport,Defective B3GALT6 causes EDSP2 and SEMDJL1,False,0.2894736842105263,11
The NLRP3 inflammasome,The NLRP3 inflammasome,True,1.0,12
Regulation of RUNX2 expression and activity,Vif-mediated degradation of APOBEC3G,False,0.6938775510204082,34
Orc1 removal from chromatin,Vif-mediated degradation of APOBEC3G,False,0.6666666666666666,34
Meiosis,Meiosis,True,1.0,47
ABC transporter disorders,Vif-mediated degradation of APOBEC3G,False,0.6111111111111112,33
Developmental Cell Lineages of the Exocrine Pancreas,Developmental Lineage of Pancreatic Endocrine Mid Progenitor Cells,False,0.8571428571428571,18
Defective CFTR causes cystic fibrosis,Vif-mediated degradation of APOBEC3G,False,0.7021276595744681,33
Regulation of Apoptosis,Vif-mediated degradation of APOBEC3G,False,0.868421052631579,33
GSK3B-mediated proteasomal degradation of PD-L1(CD274),Vif-mediated degradation of APOBEC3G,False,0.8095238095238095,34
Hh mutants abrogate ligand secretion,Vif-mediated degradation of APOBEC3G,False,0.7674418604651163,33
GSK3B and BTRC:CUL1-mediated-degradation of NFE2L2,Vif-mediated degradation of APOBEC3G,False,0.8292682926829268,34
Ubiquitin-dependent degradation of Cyclin D,Vif-mediated degradation of APOBEC3G,False,0.8461538461538461,33
Metabolism of polyamines,Vif-mediated degradation of APOBEC3G,False,0.6041666666666666,29
Role of LAT2/NTAL/LAB on calcium mobilization,Role of LAT2/NTAL/LAB on calcium mobilization,True,1.0,11
Autodegradation of the E3 ubiquitin ligase COP1,Vif-mediated degradation of APOBEC3G,False,0.825,33
Recruitment of NuMA to mitotic centrosomes,Recruitment of NuMA to mitotic centrosomes,True,1.0,61
CDC42 GTPase cycle,CDC42 GTPase cycle,True,1.0,105
Diseases associated with glycosaminoglycan metabolism,Defective B3GALT6 causes EDSP2 and SEMDJL1,False,0.59375,19
SCF-beta-TrCP mediated degradation of Emi1,Vif-mediated degradation of APOBEC3G,False,0.8048780487804879,33
HATs acetylate histones,HATs acetylate histones,True,1.0,67
"Defective EXT1 causes exostoses 1, TRPS2 and CHDS",Defective B3GALT6 causes EDSP2 and SEMDJL1,False,0.5238095238095238,11
Defective EXT2 causes exostoses 2,Defective B3GALT6 causes EDSP2 and SEMDJL1,False,0.5238095238095238,11
Diseases of metabolism,Diseases of metabolism,True,1.0,167
Host Interactions of HIV factors,Vif-mediated degradation of APOBEC3G,False,0.40860215053763443,38
Adipogenesis,Epigenetic regulation of adipogenesis genes by MLL3 and MLL4 complexes,False,0.2815533980582524,29
Ubiquitin-Mediated Degradation of Phosphorylated Cdc25A,Vif-mediated degradation of APOBEC3G,False,0.723404255319149,34
p53-Independent G1/S DNA Damage Checkpoint,Vif-mediated degradation of APOBEC3G,False,0.723404255319149,34
PI3K events in ERBB2 signaling,Constitutive Signaling by Aberrant PI3K in Cancer,False,0.26666666666666666,12
Regulation of mRNA stability by proteins that bind AU-rich elements,Vif-mediated degradation of APOBEC3G,False,0.4583333333333333,33
ERBB2 Regulates Cell Motility,ERBB2 Regulates Cell Motility,True,1.0,11
ABC-family protein mediated transport,Vif-mediated degradation of APOBEC3G,False,0.4583333333333333,33
NOTCH1 Intracellular Domain Regulates Transcription,NOTCH1 Intracellular Domain Regulates Transcription,True,1.0,44
Regulation of PTEN stability and activity,Vif-mediated degradation of APOBEC3G,False,0.6346153846153846,33
SMAD2/SMAD3:SMAD4 heterotrimer regulates transcription,Signaling by TGF-beta Receptor Complex,False,0.32,24
AMPK-induced ERAD and lysosome mediated degradation of PD-L1(CD274),Vif-mediated degradation of APOBEC3G,False,0.6346153846153846,33
Regulation of ornithine decarboxylase (ODC),Vif-mediated degradation of APOBEC3G,False,0.7073170731707317,29
Intraflagellar transport,Intraflagellar transport,True,1.0,36
Hh mutants are degraded by ERAD,Vif-mediated degradation of APOBEC3G,False,0.7857142857142857,33
Regulation of PTEN mRNA translation,Regulation of PTEN mRNA translation,True,1.0,10
TGF-beta receptor signaling activates SMADs,Signaling by TGF-beta Receptor Complex,False,0.5,36
Mitochondrial translation elongation,Mitochondrial translation elongation,True,1.0,68
Regulation of RAS by GAPs,Vif-mediated degradation of APOBEC3G,False,0.68,34
SPOP-mediated proteasomal degradation of PD-L1(CD274),Vif-mediated degradation of APOBEC3G,False,0.7727272727272727,34
Chromatin organization,HATs acetylate histones,False,0.2509505703422053,66
Gap junction trafficking and regulation,Gap junction trafficking and regulation,True,1.0,24
Degradation of CDH1,Vif-mediated degradation of APOBEC3G,False,0.673469387755102,33
RHOU GTPase cycle,RHOU GTPase cycle,True,1.0,35
Purine catabolism,Nucleotide catabolism,False,0.48,12
Regulation of CDH1 Function,Vif-mediated degradation of APOBEC3G,False,0.6226415094339622,33
Cyclin A/B1/B2 associated events during G2/M transition,Cyclin A/B1/B2 associated events during G2/M transition,True,1.0,20
Regulation of RUNX3 expression and activity,Vif-mediated degradation of APOBEC3G,False,0.75,33
Paracetamol ADME,Paracetamol ADME,True,1.0,14
Attachment and Entry_9694614,Defective B3GALT6 causes EDSP2 and SEMDJL1,False,0.4782608695652174,11
Mitochondrial translation,Mitochondrial translation elongation,False,0.8918918918918919,66
DNA Double-Strand Break Repair,Vif-mediated degradation of APOBEC3G,False,0.2595419847328244,34
AUF1 (hnRNP D0) binds and destabilizes mRNA,Vif-mediated degradation of APOBEC3G,False,0.7857142857142857,33
Repression of WNT target genes,Repression of WNT target genes,True,1.0,11
Cellular Senescence,Cellular Senescence,True,1.0,107
Signaling by NOTCH1,NOTCH1 Intracellular Domain Regulates Transcription,False,0.7213114754098361,44
Centrosome maturation,Recruitment of NuMA to mitotic centrosomes,False,0.8387096774193549,52
Recruitment of mitotic centrosome proteins and complexes,Recruitment of NuMA to mitotic centrosomes,False,0.8387096774193549,52
Transcriptional regulation of white adipocyte differentiation,Epigenetic regulation of adipogenesis genes by MLL3 and MLL4 complexes,False,0.3181818181818182,28
Regulation of PD-L1(CD274) Post-translational modification,Vif-mediated degradation of APOBEC3G,False,0.4722222222222222,34
Glycolysis,Metabolism of carbohydrates and carbohydrate derivatives,False,0.2535885167464115,53
Signaling by EGFR,Signaling by EGFR,True,1.0,31
Aberrant regulation of mitotic cell cycle due to RB1 defects,Aberrant regulation of mitotic cell cycle due to RB1 defects,True,1.0,31
"PI5P, PP2A and IER3 Regulate PI3K/AKT Signaling",Constitutive Signaling by Aberrant PI3K in Cancer,False,0.6470588235294118,44
Nephrin family interactions,Nephrin family interactions,True,1.0,18
Signal amplification,Signal amplification,True,1.0,25
NCAM signaling for neurite out-growth,NCAM signaling for neurite out-growth,True,1.0,43
Mitochondrial translation termination,Mitochondrial translation elongation,False,0.9285714285714286,65
NRAGE signals death through JNK,NRAGE signals death through JNK,True,1.0,44
Regulation of T cell activation by CD28 family,Regulation of T cell activation by CD28 family,True,1.0,149
Glycosaminoglycan-protein linkage region biosynthesis,Defective B3GALT6 causes EDSP2 and SEMDJL1,False,0.6785714285714286,19
Stabilization of p53,Vif-mediated degradation of APOBEC3G,False,0.7674418604651163,33
TP53 Regulates Transcription of Cell Cycle Genes,TP53 Regulates Transcription of Cell Cycle Genes,True,1.0,36
RND1 GTPase cycle,RND1 GTPase cycle,True,1.0,32
RUNX1 interacts with co-factors whose precise effect on RUNX1 targets is not known,RUNX1 interacts with co-factors whose precise effect on RUNX1 targets is not known,True,1.0,27
Glycosaminoglycan metabolism,Metabolism of carbohydrates and carbohydrate derivatives,False,0.3261802575107296,76
SLC-mediated transport of inorganic anions,SLC-mediated transport of inorganic anions,True,1.0,24
Constitutive Signaling by NOTCH1 HD+PEST Domain Mutants,NOTCH1 Intracellular Domain Regulates Transcription,False,0.6666666666666666,36
Constitutive Signaling by NOTCH1 PEST Domain Mutants,NOTCH1 Intracellular Domain Regulates Transcription,False,0.6666666666666666,36
Signaling by NOTCH1 HD+PEST Domain Mutants in Cancer,NOTCH1 Intracellular Domain Regulates Transcription,False,0.6666666666666666,36
Signaling by NOTCH1 PEST Domain Mutants in Cancer,NOTCH1 Intracellular Domain Regulates Transcription,False,0.6666666666666666,36
Signaling by NOTCH1 in Cancer,NOTCH1 Intracellular Domain Regulates Transcription,False,0.6666666666666666,36
Negative regulation of the PI3K/AKT network,Constitutive Signaling by Aberrant PI3K in Cancer,False,0.6027397260273972,44
PI3K Cascade,Constitutive Signaling by Aberrant PI3K in Cancer,False,0.2692307692307692,14
NIK-->noncanonical NF-kB signaling,Vif-mediated degradation of APOBEC3G,False,0.7333333333333333,33
Synthesis of bile acids and bile salts via 7alpha-hydroxycholesterol,Synthesis of bile acids and bile salts via 7alpha-hydroxycholesterol,True,1.0,11
Oxygen-dependent proline hydroxylation of Hypoxia-inducible Factor Alpha,Vif-mediated degradation of APOBEC3G,False,0.8571428571428571,36
Autophagy,Autophagy,True,1.0,120
GRB2:SOS provides linkage to MAPK signaling for Integrins,GRB2:SOS provides linkage to MAPK signaling for Integrins,True,1.0,9
Signaling by FGFR,Signaling by FGFR,True,1.0,65
PKMTs methylate histone lysines,PKMTs methylate histone lysines,True,1.0,40
Meiotic recombination,Meiosis,False,0.4166666666666667,20
NS1 Mediated Effects on Host Pathways,NS1 Mediated Effects on Host Pathways,True,1.0,37
Mitochondrial translation initiation,Mitochondrial translation elongation,False,0.9285714285714286,65
Caspase-mediated cleavage of cytoskeletal proteins,Caspase-mediated cleavage of cytoskeletal proteins,True,1.0,11
Disorders of transmembrane transporters,Vif-mediated degradation of APOBEC3G,False,0.3333333333333333,33
RHO GTPases Activate Formins,RHO GTPases Activate Formins,True,1.0,108
Dectin-1 mediated noncanonical NF-kB signaling,Vif-mediated degradation of APOBEC3G,False,0.7111111111111111,32
NRIF signals cell death from the nucleus,NRIF signals cell death from the nucleus,True,1.0,12
NoRC negatively regulates rRNA expression,NoRC negatively regulates rRNA expression,True,1.0,39
Synthesis of glycosylphosphatidylinositol (GPI),Synthesis of glycosylphosphatidylinositol (GPI),True,1.0,14
UCH proteinases,Vif-mediated degradation of APOBEC3G,False,0.559322033898305,33
Macroautophagy,Autophagy,False,0.9083333333333333,109
Generation of second messenger molecules,Generation of second messenger molecules,True,1.0,21
Regulation of clotting cascade,Defective B3GALT6 causes EDSP2 and SEMDJL1,False,0.2972972972972973,11
DNA Damage/Telomere Stress Induced Senescence,DNA Damage/Telomere Stress Induced Senescence,True,1.0,22
Resolution of D-Loop Structures,Resolution of D-Loop Structures,True,1.0,28
Resolution of D-loop Structures through Holliday Junction Intermediates,Resolution of D-Loop Structures,False,1.0,28
Josephin domain DUBs,Josephin domain DUBs,True,1.0,11
PTEN Regulation,Vif-mediated degradation of APOBEC3G,False,0.28448275862068967,33
TRAF6 mediated IRF7 activation,TRAF6 mediated IRF7 activation,True,1.0,15
DNA Replication Pre-Initiation,Vif-mediated degradation of APOBEC3G,False,0.4583333333333333,33
RNA Polymerase I Transcription Termination,NoRC negatively regulates rRNA expression,False,0.5897435897435898,23
p130Cas linkage to MAPK signaling for integrins,GRB2:SOS provides linkage to MAPK signaling for Integrins,False,0.5384615384615384,7
Mitochondrial ribosome-associated quality control,Mitochondrial translation elongation,False,0.9285714285714286,65
Oxidative Stress Induced Senescence,Cellular Senescence,False,0.48148148148148145,52
Nuclear Receptor transcription pathway,Nuclear Receptor transcription pathway,True,1.0,37
SUMOylation of DNA replication proteins,NS1 Mediated Effects on Host Pathways,False,0.54,27
Transferrin endocytosis and recycling,Transferrin endocytosis and recycling,True,1.0,24
tRNA modification in the nucleus and cytosol,tRNA modification in the nucleus and cytosol,True,1.0,36
TRAF3-dependent IRF activation pathway,TRAF6 mediated IRF7 activation,False,0.6470588235294118,11
Amino acids regulate mTORC1,Transferrin endocytosis and recycling,False,0.3333333333333333,16
Nonhomologous End-Joining (NHEJ),Nonhomologous End-Joining (NHEJ),True,1.0,24
Adenylate cyclase inhibitory pathway,Adenylate cyclase inhibitory pathway,True,1.0,11
Gap junction trafficking,Gap junction trafficking and regulation,False,0.9166666666666666,22
GPER1 signaling,Signal amplification,False,0.3181818181818182,14
Response of Mtb to phagocytosis,Response of Mtb to phagocytosis,True,1.0,19
Interleukin receptor SHC signaling,Interleukin receptor SHC signaling,True,1.0,15
PD-L1(CD274) glycosylation and translocation to plasma membrane,PD-L1(CD274) glycosylation and translocation to plasma membrane,True,1.0,19
TICAM1-dependent activation of IRF3/IRF7,TICAM1-dependent activation of IRF3/IRF7,True,1.0,12
Regulation of TP53 Activity through Acetylation,Regulation of TP53 Activity through Acetylation,True,1.0,30
The role of GTSE1 in G2/M progression after G2 checkpoint,Vif-mediated degradation of APOBEC3G,False,0.6226415094339622,33
Postmitotic nuclear pore complex (NPC) reformation,NS1 Mediated Effects on Host Pathways,False,0.4418604651162791,19
Transcriptional regulation of pluripotent stem cells,Transcriptional regulation of pluripotent stem cells,True,1.0,12
Aberrant regulation of mitotic G1/S transition in cancer due to RB1 defects,Aberrant regulation of mitotic cell cycle due to RB1 defects,False,0.45161290322580644,14
"Defective binding of RB1 mutants to E2F1,(E2F2, E2F3)",Aberrant regulation of mitotic cell cycle due to RB1 defects,False,0.45161290322580644,14
Regulation of innate immune responses to cytosolic DNA,TICAM1-dependent activation of IRF3/IRF7,False,0.3333333333333333,6
Removal of the Flap Intermediate,Removal of the Flap Intermediate,True,1.0,12
Prolactin receptor signaling,Prolactin receptor signaling,True,1.0,11
Nucleotide biosynthesis,Nucleotide biosynthesis,True,1.0,11
Telomere Extension By Telomerase,Telomere Extension By Telomerase,True,1.0,20
Defective Intrinsic Pathway for Apoptosis,Defective Intrinsic Pathway for Apoptosis,True,1.0,20
RAC1 GTPase cycle,CDC42 GTPase cycle,False,0.47560975609756095,78
Glycogen synthesis,Glycogen storage diseases,False,0.6428571428571429,9
BBSome-mediated cargo-targeting to cilium,BBSome-mediated cargo-targeting to cilium,True,1.0,18
Extracellular matrix organization,Extracellular matrix organization,True,1.0,213
Syndecan interactions,Syndecan interactions,True,1.0,18
Non-integrin membrane-ECM interactions,Syndecan interactions,False,0.3157894736842105,18
Synthesis of PA,Glycerophospholipid biosynthesis,False,0.2625,21
Signaling by Erythropoietin,Erythropoietin activates RAS,False,0.45,9
Downstream signaling of activated FGFR1,Signaling by FGFR,False,0.26153846153846155,17
Regulation of PD-L1(CD274) transcription,Regulation of PD-L1(CD274) transcription,True,1.0,34
Activation of SMO,Activation of SMO,True,1.0,15
Fibronectin matrix formation,Fibronectin matrix formation,True,1.0,14
Metabolism of folate and pterines,Metabolism of folate and pterines,True,1.0,15
HS-GAG biosynthesis,Defective B3GALT6 causes EDSP2 and SEMDJL1,False,0.34375,11
Cellular response to starvation,Major pathway of rRNA processing in the nucleolus and cytosol,False,0.3486238532110092,76
Immunoregulatory interactions between a Lymphoid and a non-Lymphoid cell,Immunoregulatory interactions between a Lymphoid and a non-Lymphoid cell,True,1.0,57
Glutamate and glutamine metabolism,Glutamate and glutamine metabolism,True,1.0,12
Fatty acid metabolism,Fatty acid metabolism,True,1.0,123
Mucopolysaccharidoses,Mucopolysaccharidoses,True,1.0,10
Post-translational modification: synthesis of GPI-anchored proteins,Synthesis of glycosylphosphatidylinositol (GPI),False,0.2692307692307692,14
"CHD6, CHD7, CHD8, CHD9 subfamily","CHD6, CHD7, CHD8, CHD9 subfamily",True,1.0,14
NR1H3 & NR1H2 regulate gene expression linked to cholesterol transport and efflux,NR1H3 & NR1H2 regulate gene expression linked to cholesterol transport and efflux,True,1.0,31
Respiratory syncytial virus (RSV) attachment and entry,Defective B3GALT6 causes EDSP2 and SEMDJL1,False,0.39285714285714285,11
Recycling pathway of L1,Gap junction trafficking and regulation,False,0.40476190476190477,17
EPH-ephrin mediated repulsion of cells,EPH-ephrin mediated repulsion of cells,True,1.0,39
Constitutive Signaling by EGFRvIII,Signaling by EGFR,False,0.29411764705882354,10
Signaling by EGFRvIII in Cancer,Signaling by EGFR,False,0.29411764705882354,10
Cell recruitment (pro-inflammatory response),The NLRP3 inflammasome,False,0.5789473684210527,11
Purinergic signaling in leishmaniasis infection,The NLRP3 inflammasome,False,0.5789473684210527,11
Signaling by ERBB2 ECD mutants,Signaling by EGFR,False,0.25,9
Transcriptional regulation by the AP-2 (TFAP2) family of transcription factors,Transcriptional regulation by the AP-2 (TFAP2) family of transcription factors,True,1.0,22
tRNA Aminoacylation,tRNA Aminoacylation,True,1.0,20
Collagen biosynthesis and modifying enzymes,Collagen biosynthesis and modifying enzymes,True,1.0,53
RHOV GTPase cycle,RHOU GTPase cycle,False,0.425531914893617,20
Assembly of the pre-replicative complex,Vif-mediated degradation of APOBEC3G,False,0.4714285714285714,33
Estrogen-dependent gene expression,ESR-mediated signaling,False,0.5517241379310345,64
COPII-mediated vesicle transport,COPII-mediated vesicle transport,True,1.0,59
PCP/CE pathway,Vif-mediated degradation of APOBEC3G,False,0.4520547945205479,33
GAB1 signalosome,Signaling by EGFR,False,0.29411764705882354,10
RHO GTPase cycle,CDC42 GTPase cycle,False,0.2913165266106443,104
Striated Muscle Contraction,Striated Muscle Contraction,True,1.0,14
Antigen activates B Cell Receptor (BCR) leading to generation of second messengers,Antigen activates B Cell Receptor (BCR) leading to generation of second messengers,True,1.0,25
NGF-stimulated transcription,NGF-stimulated transcription,True,1.0,30
Toll Like Receptor 9 (TLR9) Cascade,Toll Like Receptor 9 (TLR9) Cascade,True,1.0,88
Degradation of cysteine and homocysteine,Sulfur amino acid metabolism,False,0.5454545454545454,12
RHOJ GTPase cycle,CDC42 GTPase cycle,False,0.32456140350877194,37
G2/M Checkpoints,Vif-mediated degradation of APOBEC3G,False,0.3402061855670103,33
Asparagine N-linked glycosylation,Asparagine N-linked glycosylation,True,1.0,240
ER to Golgi Anterograde Transport,Asparagine N-linked glycosylation,False,0.4738955823293173,118
Mitotic G2-G2/M phases,Recruitment of NuMA to mitotic centrosomes,False,0.4253731343283582,57
Fatty acyl-CoA biosynthesis,Fatty acid metabolism,False,0.25203252032520324,31
Regulation of KIT signaling,Regulation of KIT signaling,True,1.0,13
MET activates RAP1 and RAC1,MET activates RAP1 and RAC1,True,1.0,10
G2/M Transition,Recruitment of NuMA to mitotic centrosomes,False,0.4253731343283582,57
Ribosome Quality Control (RQC) complex extracts and degrades nascent peptide,Vif-mediated degradation of APOBEC3G,False,0.3829787234042553,36
Dengue Virus Infection,Dengue Virus Infection,True,1.0,287
FOXO-mediated transcription,FOXO-mediated transcription,True,1.0,51
Diseases associated with N-glycosylation of proteins,Diseases associated with N-glycosylation of proteins,True,1.0,20
SARS-CoV-1-host interactions,SARS-CoV-1 modulates host translation machinery,False,0.38095238095238093,32
RHOA GTPase cycle,CDC42 GTPase cycle,False,0.32727272727272727,54
RHOB GTPase cycle,RHOB GTPase cycle,True,1.0,63
Beta-catenin independent WNT signaling,Vif-mediated degradation of APOBEC3G,False,0.3173076923076923,33
ISG15 antiviral mechanism,NS1 Mediated Effects on Host Pathways,False,0.5,32
Death Receptor Signaling,NRAGE signals death through JNK,False,0.3387096774193548,42
Synthesis of very long-chain fatty acyl-CoAs,Synthesis of very long-chain fatty acyl-CoAs,True,1.0,20
HS-GAG degradation,Defective B3GALT6 causes EDSP2 and SEMDJL1,False,0.44,11
Cell junction organization,Cell junction organization,True,1.0,187
Autodegradation of Cdh1 by Cdh1:APC/C,Vif-mediated degradation of APOBEC3G,False,0.6111111111111112,33
Transcriptional activation of mitochondrial biogenesis,Heme signaling,False,0.43859649122807015,25
PRC2 methylates histones and DNA,Defective pyroptosis,False,0.4117647058823529,7
MAPK family signaling cascades,MAPK family signaling cascades,True,1.0,203
Negative regulation of FGFR3 signaling,Spry regulation of FGF signaling,False,0.6,12
SARS-CoV-1 Infection,SARS-CoV-1 modulates host translation machinery,False,0.25833333333333336,31
ECM proteoglycans,ECM proteoglycans,True,1.0,53
GRB2 events in ERBB2 signaling,ERBB2 Regulates Cell Motility,False,0.4666666666666667,7
DNA Repair,DNA Repair,True,1.0,263
Modulation of host responses by IFN-stimulated genes,Modulation of host responses by IFN-stimulated genes,True,1.0,18
rRNA modification in the nucleus and cytosol,Major pathway of rRNA processing in the nucleolus and cytosol,False,0.2571428571428571,45
Cell-cell junction organization,Cell junction organization,False,0.8983957219251337,168
Global Genome Nucleotide Excision Repair (GG-NER),DNA Damage Recognition in GG-NER,False,0.42857142857142855,30
Formation of TC-NER Pre-Incision Complex,Formation of TC-NER Pre-Incision Complex,True,1.0,46
NOTCH4 Intracellular Domain Regulates Transcription,NOTCH1 Intracellular Domain Regulates Transcription,False,0.2708333333333333,13
RND2 GTPase cycle,RND1 GTPase cycle,False,0.45652173913043476,21
Signaling by Nuclear Receptors,ESR-mediated signaling,False,0.6167664670658682,103
MET promotes cell motility,Developmental Lineage of Pancreatic Endocrine Mid Progenitor Cells,False,0.47058823529411764,16
"Turbulent (oscillatory, disturbed) flow shear stress activates signaling by PIEZO1 and integrins in endothelial cells","Turbulent (oscillatory, disturbed) flow shear stress activates signaling by PIEZO1 and integrins in endothelial cells",True,1.0,25
TAK1-dependent IKK and NF-kappa-B activation,Toll Like Receptor 9 (TLR9) Cascade,False,0.42045454545454547,37
RSV-host interactions,Evasion by RSV of host interferon responses,False,0.2727272727272727,18
Amplification  of signal from unattached  kinetochores via a MAD2  inhibitory signal,RHO GTPases Activate Formins,False,0.6851851851851852,74
Amplification of signal from the kinetochores,RHO GTPases Activate Formins,False,0.6851851851851852,74
Negative regulation of FGFR2 signaling,Spry regulation of FGF signaling,False,0.5714285714285714,12
RHOQ GTPase cycle,CDC42 GTPase cycle,False,0.29411764705882354,35
IRS-mediated signalling,IRS-mediated signalling,True,1.0,22
Assembly of the 9+2 motile cilia,Regulation of PTEN mRNA translation,False,0.2916666666666667,7
Transcriptional regulation of multiciliogenesis,Regulation of PTEN mRNA translation,False,0.2916666666666667,7
G0 and Early G1,G0 and Early G1,True,1.0,19
Signaling by NOTCH4,Vif-mediated degradation of APOBEC3G,False,0.5076923076923077,33
APC/C:Cdc20 mediated degradation of Securin,Vif-mediated degradation of APOBEC3G,False,0.6226415094339622,33
Inositol phosphate metabolism,NS1 Mediated Effects on Host Pathways,False,0.3076923076923077,24
Metabolism of steroids,Metabolism of steroids,True,1.0,102
Effects of PIP2 hydrolysis,Effects of PIP2 hydrolysis,True,1.0,25
Transcriptional Regulation by E2F6,Transcriptional Regulation by E2F6,True,1.0,32
Cyclin D associated events in G1,Aberrant regulation of mitotic cell cycle due to RB1 defects,False,0.2631578947368421,15
G1 Phase,Aberrant regulation of mitotic cell cycle due to RB1 defects,False,0.2631578947368421,15
Collagen formation,Collagen biosynthesis and modifying enzymes,False,0.8153846153846154,53
Signaling by GPCR,Signaling by GPCR,True,1.0,265
Attachment of bacteria to epithelial cells,Developmental Lineage of Pancreatic Endocrine Mid Progenitor Cells,False,0.5416666666666666,13
Biofilm formation,Developmental Lineage of Pancreatic Endocrine Mid Progenitor Cells,False,0.5416666666666666,13
NR1H2 and NR1H3-mediated signaling,NR1H3 & NR1H2 regulate gene expression linked to cholesterol transport and efflux,False,0.8378378378378378,31
Late endosomal microautophagy,Late endosomal microautophagy,True,1.0,28
RUNX2 regulates bone development,RUNX2 regulates bone development,True,1.0,21
RAC2 GTPase cycle,RAC3 GTPase cycle,False,0.6091954022988506,53
Activation of GABAB receptors,Adenylate cyclase inhibitory pathway,False,0.30303030303030304,10
GABA B receptor activation,Adenylate cyclase inhibitory pathway,False,0.30303030303030304,10
Stimuli-sensing channels,Stimuli-sensing channels,True,1.0,72
Initiation of coagulation cascade,Defective B3GALT6 causes EDSP2 and SEMDJL1,False,0.4583333333333333,11
Metabolism of fat-soluble vitamins,Defective B3GALT6 causes EDSP2 and SEMDJL1,False,0.275,11
Switching of origins to a post-replicative state,Vif-mediated degradation of APOBEC3G,False,0.4788732394366197,34
"Biosynthesis of the N-glycan precursor (dolichol lipid-linked oligosaccharide, LLO) and transfer to a nascent protein","Biosynthesis of the N-glycan precursor (dolichol lipid-linked oligosaccharide, LLO) and transfer to a nascent protein",True,1.0,62
Fanconi Anemia Pathway,Fanconi Anemia Pathway,True,1.0,30
Clathrin-mediated endocytosis,Clathrin-mediated endocytosis,True,1.0,92
RHO GTPases Activate NADPH Oxidases,RHO GTPases Activate NADPH Oxidases,True,1.0,17
Formation of the beta-catenin:TCF transactivating complex,Repression of WNT target genes,False,0.28125,9
Negative Regulation of CDH1 Gene Transcription,Negative Regulation of CDH1 Gene Transcription,True,1.0,25
rRNA processing in the mitochondrion,rRNA processing in the mitochondrion,True,1.0,14
Cyclin A:Cdk2-associated events at S phase entry,Vif-mediated degradation of APOBEC3G,False,0.4647887323943662,33
Antigen processing: Ubiquitination & Proteasome degradation,Antigen processing: Ubiquitination & Proteasome degradation,True,1.0,235
Platelet sensitization by LDL,Platelet sensitization by LDL,True,1.0,14
Processing of Capped Intron-Containing Pre-mRNA,Dengue Virus Infection,False,0.2988235294117647,127
Epigenetic regulation by WDR5-containing histone modifying complexes,Epigenetic regulation of adipogenesis genes by MLL3 and MLL4 complexes,False,0.6363636363636364,56
p75 NTR receptor-mediated signalling,NRAGE signals death through JNK,False,0.5526315789473685,42
Reproduction,Meiosis,False,0.6923076923076923,45
Glutathione conjugation,Glutathione conjugation,True,1.0,24
Fcgamma receptor (FCGR) dependent phagocytosis,Fcgamma receptor (FCGR) dependent phagocytosis,True,1.0,69
Cell-Cell communication,Cell junction organization,False,0.8899521531100478,186
Cargo recognition for clathrin-mediated endocytosis,Clathrin-mediated endocytosis,False,0.6847826086956522,63
Signaling by Non-Receptor Tyrosine Kinases,Signaling by Non-Receptor Tyrosine Kinases,True,1.0,46
Signaling by PTK6,Signaling by Non-Receptor Tyrosine Kinases,False,1.0,46
Synthesis of substrates in N-glycan biosythesis,"Biosynthesis of the N-glycan precursor (dolichol lipid-linked oligosaccharide, LLO) and transfer to a nascent protein",False,0.7619047619047619,48
RHO GTPases Activate WASPs and WAVEs,Fcgamma receptor (FCGR) dependent phagocytosis,False,0.3888888888888889,28
SUMOylation of immune response proteins,SUMOylation of immune response proteins,True,1.0,12
PPARA activates gene expression,Epigenetic regulation of adipogenesis genes by MLL3 and MLL4 complexes,False,0.2807017543859649,32
ER-Phagosome pathway,Vif-mediated degradation of APOBEC3G,False,0.5076923076923077,33
ADP signalling through P2Y purinoceptor 1,Signal amplification,False,0.72,18
SARS-CoV-2 Infection,SARS-CoV-2-host interactions,False,0.6184738955823293,154
SUMO E3 ligases SUMOylate target proteins,SUMO E3 ligases SUMOylate target proteins,True,1.0,139
APC/C:Cdh1 mediated degradation of Cdc20 and other APC/C:Cdh1 targeted proteins in late mitosis/early G1,Vif-mediated degradation of APOBEC3G,False,0.5789473684210527,33
Nucleotide Excision Repair,Formation of TC-NER Pre-Incision Complex,False,0.4791666666666667,46
Heparan sulfate/heparin (HS-GAG) metabolism,Defective B3GALT6 causes EDSP2 and SEMDJL1,False,0.3055555555555556,11
Signaling by WNT,Signaling by WNT,True,1.0,181
SUMOylation,SUMO E3 ligases SUMOylate target proteins,False,0.9788732394366197,139
Metabolism of cofactors,Metabolism of cofactors,True,1.0,20
Signaling by ERBB2 KD Mutants,ERBB2 Regulates Cell Motility,False,0.36363636363636365,8
Positive epigenetic regulation of rRNA expression,Positive epigenetic regulation of rRNA expression,True,1.0,39
p75NTR signals via NF-kB,p75NTR signals via NF-kB,True,1.0,12
Maturation of TCA enzymes and regulation of TCA cycle,Citric acid cycle (TCA cycle),False,0.5666666666666667,17
Glycogen breakdown (glycogenolysis),Glycogen breakdown (glycogenolysis),True,1.0,15
SARS-CoV-2 activates/modulates innate and adaptive immune responses,SARS-CoV-2-host interactions,False,0.5609756097560976,92
FOXO-mediated transcription of cell death genes,FOXO-mediated transcription,False,0.27450980392156865,14
RHOF GTPase cycle,RHOF GTPase cycle,True,1.0,36
G alpha (z) signalling events,Signal amplification,False,0.2608695652173913,12
Interleukin-7 signaling,Interleukin-7 signaling,True,1.0,13
Dengue Virus-Host Interactions,Dengue Virus Infection,False,0.643598615916955,186
Chromatin modifying enzymes,HATs acetylate histones,False,0.3626373626373626,66
Cyclin E associated events during G1/S transition,Vif-mediated degradation of APOBEC3G,False,0.4782608695652174,33
Bile acid and bile salt metabolism,Synthesis of bile acids and bile salts via 7alpha-hydroxycholesterol,False,0.4583333333333333,11
Detoxification of Reactive Oxygen Species,Detoxification of Reactive Oxygen Species,True,1.0,23
DAP12 signaling,DAP12 signaling,True,1.0,18
Transcriptional regulation by RUNX1,Transcriptional regulation by RUNX1,True,1.0,124
Plasma lipoprotein clearance,Plasma lipoprotein clearance,True,1.0,27
Base Excision Repair,Base Excision Repair,True,1.0,39
alpha-linolenic (omega3) and linoleic (omega6) acid metabolism,alpha-linolenic (omega3) and linoleic (omega6) acid metabolism,True,1.0,12
alpha-linolenic acid (ALA) metabolism,alpha-linolenic (omega3) and linoleic (omega6) acid metabolism,False,1.0,12
EGR2 and SOX10-mediated initiation of Schwann cell myelination,EGR2 and SOX10-mediated initiation of Schwann cell myelination,True,1.0,24
Transcriptional regulation of brown and beige adipocyte differentiation,Transcriptional regulation of brown and beige adipocyte differentiation,True,1.0,24
Transcriptional regulation of brown and beige adipocyte differentiation by EBF2,Transcriptional regulation of brown and beige adipocyte differentiation,False,1.0,24
Negative regulation of MAPK pathway,Negative regulation of MAPK pathway,True,1.0,35
SARS-CoV-1 activates/modulates innate immune responses,SARS-CoV-1 activates/modulates innate immune responses,True,1.0,35
Defective B3GALTL causes PpS,Defective B3GALTL causes PpS,True,1.0,31
Arachidonate metabolism,Arachidonate metabolism,True,1.0,31
SARS-CoV Infections,SARS-CoV-2-host interactions,False,0.44144144144144143,147
Aberrant regulation of mitotic exit in cancer due to RB1 defects,Aberrant regulation of mitotic cell cycle due to RB1 defects,False,0.5161290322580645,16
G1/S-Specific Transcription,G0 and Early G1,False,0.48,12
"Adrenaline,noradrenaline inhibits insulin secretion",Signal amplification,False,0.3939393939393939,13
Nuclear Events (kinase and transcription factor activation),NGF-stimulated transcription,False,0.5192307692307693,27
Carboxyterminal post-translational modifications of tubulin,Carboxyterminal post-translational modifications of tubulin,True,1.0,27
G1/S DNA Damage Checkpoints,Vif-mediated degradation of APOBEC3G,False,0.5396825396825397,34
Signaling by CSF3 (G-CSF),Signaling by CSF3 (G-CSF),True,1.0,24
Negative regulation of FGFR4 signaling,Spry regulation of FGF signaling,False,0.631578947368421,12
G-protein activation,Signal amplification,False,0.5555555555555556,15
Elastic fibre formation,Elastic fibre formation,True,1.0,29
RIP-mediated NFkB activation via ZBP1,Diseases associated with the TLR signaling cascade,False,0.36,9
Drug ADME,Paracetamol ADME,False,0.25,11
Early SARS-CoV-2 Infection Events,Defective B3GALT6 causes EDSP2 and SEMDJL1,False,0.2894736842105263,11
Diseases associated with glycosylation precursor biosynthesis,Diseases associated with glycosylation precursor biosynthesis,True,1.0,13
Phase II - Conjugation of compounds,Glutathione conjugation,False,0.46938775510204084,23
Deadenylation-dependent mRNA decay,Deadenylation-dependent mRNA decay,True,1.0,48
N-glycan trimming in the ER and Calnexin/Calreticulin cycle,N-glycan trimming in the ER and Calnexin/Calreticulin cycle,True,1.0,32
Iron uptake and transport,Transferrin endocytosis and recycling,False,0.46938775510204084,23
Nuclear RNA decay,Nuclear RNA decay,True,1.0,32
IRS-related events triggered by IGF1R,IRS-mediated signalling,False,0.9166666666666666,22
TRAF6 mediated NF-kB activation,TRAF6 mediated NF-kB activation,True,1.0,21
Kidney development,Kidney development,True,1.0,20
IGF1R signaling cascade,IRS-mediated signalling,False,0.9166666666666666,22
Signaling by Type 1 Insulin-like Growth Factor 1 Receptor (IGF1R),IRS-mediated signalling,False,0.9166666666666666,22
MITF-M-dependent gene expression,MITF-M-dependent gene expression,True,1.0,81
PI-3K cascade:FGFR1,IRS-mediated signalling,False,0.375,9
Protein localization,Protein localization,True,1.0,118
Regulation of CDH1 Gene Transcription,Negative Regulation of CDH1 Gene Transcription,False,0.7575757575757576,25
RUNX1 regulates transcription of genes involved in differentiation of HSCs,Vif-mediated degradation of APOBEC3G,False,0.6346153846153846,33
Transcriptional regulation by RUNX3,Vif-mediated degradation of APOBEC3G,False,0.4342105263157895,33
CDK-mediated phosphorylation and removal of Cdc6,Vif-mediated degradation of APOBEC3G,False,0.5892857142857143,33
Processing of antigen in germinal center B cells,Processing of antigen in germinal center B cells,True,1.0,60
Miscellaneous transport and binding events,Miscellaneous transport and binding events,True,1.0,18
Termination of translesion DNA synthesis,Termination of translesion DNA synthesis,True,1.0,29
Inactivation of CSF3 (G-CSF) signaling,Signaling by CSF3 (G-CSF),False,0.8333333333333334,20
Oncogene Induced Senescence,Oncogene Induced Senescence,True,1.0,28
MITF-M-regulated melanocyte development,MITF-M-dependent gene expression,False,0.6203703703703703,67
DNA Replication,Vif-mediated degradation of APOBEC3G,False,0.32075471698113206,34
G2/M DNA damage checkpoint,Nonhomologous End-Joining (NHEJ),False,0.2807017543859649,16
Synthesis of PIPs at the plasma membrane,Synthesis of PIPs at the plasma membrane,True,1.0,42
Mitotic Spindle Checkpoint,RHO GTPases Activate Formins,False,0.6147540983606558,75
TP53 Regulates Transcription of Cell Death Genes,TP53 Regulates Transcription of Cell Death Genes,True,1.0,36
Signaling by ERBB2 in Cancer,ERBB2 Regulates Cell Motility,False,0.36363636363636365,8
ERCC6 (CSB) and EHMT2 (G9a) positively regulate rRNA expression,Positive epigenetic regulation of rRNA expression,False,0.38461538461538464,15
Pentose phosphate pathway,Pentose phosphate pathway,True,1.0,12
Nucleotide salvage,Nucleotide salvage,True,1.0,19
O-linked glycosylation of mucins,O-linked glycosylation of mucins,True,1.0,34
Hedgehog 'off' state,Vif-mediated degradation of APOBEC3G,False,0.3953488372093023,34
Inflammasomes,The NLRP3 inflammasome,False,0.6470588235294118,11
S Phase,Vif-mediated degradation of APOBEC3G,False,0.2595419847328244,34
Sialic acid metabolism,"Biosynthesis of the N-glycan precursor (dolichol lipid-linked oligosaccharide, LLO) and transfer to a nascent protein",False,0.3870967741935484,24
APC/C:Cdc20 mediated degradation of mitotic proteins,Vif-mediated degradation of APOBEC3G,False,0.6111111111111112,33
APC:Cdc20 mediated degradation of cell cycle proteins prior to satisfation of the cell cycle checkpoint,Vif-mediated degradation of APOBEC3G,False,0.6111111111111112,33
Cdc20:Phospho-APC/C mediated degradation of Cyclin A,Vif-mediated degradation of APOBEC3G,False,0.6111111111111112,33
Cell Cycle Checkpoints,RHO GTPases Activate Formins,False,0.2863247863247863,67
SUMOylation of intracellular receptors,Nuclear Receptor transcription pathway,False,0.30434782608695654,14
MHC class II antigen presentation,Processing of antigen in germinal center B cells,False,0.6741573033707865,60
Metabolism of steroid hormones,Metabolism of steroid hormones,True,1.0,19
Gap junction degradation,Gap junction trafficking and regulation,False,0.4,10
Regulation of gene expression in late stage (branching morphogenesis) pancreatic bud precursor cells,Regulation of gene expression in late stage (branching morphogenesis) pancreatic bud precursor cells,True,1.0,13
Activation of APC/C and APC/C:Cdc20 mediated degradation of mitotic proteins,Vif-mediated degradation of APOBEC3G,False,0.6,33
G alpha (12/13) signalling events,NRAGE signals death through JNK,False,0.5967741935483871,37
RHOBTB1 GTPase cycle,RHOBTB1 GTPase cycle,True,1.0,22
Recruitment and ATM-mediated phosphorylation of repair and signaling proteins at DNA double strand breaks,Nonhomologous End-Joining (NHEJ),False,0.3333333333333333,16
Negative regulation of FGFR1 signaling,Spry regulation of FGF signaling,False,0.5454545454545454,12
Regulation of NF-kappa B signaling,Regulation of NF-kappa B signaling,True,1.0,17
Mitotic Metaphase and Anaphase,RHO GTPases Activate Formins,False,0.44041450777202074,85
p38MAPK events,p38MAPK events,True,1.0,12
HIV Transcription Initiation,Formation of TC-NER Pre-Incision Complex,False,0.29850746268656714,20
RNA Polymerase II HIV Promoter Escape,Formation of TC-NER Pre-Incision Complex,False,0.29850746268656714,20
RNA Polymerase II Promoter Escape,Formation of TC-NER Pre-Incision Complex,False,0.29850746268656714,20
RNA Polymerase II Transcription Initiation,Formation of TC-NER Pre-Incision Complex,False,0.29850746268656714,20
RNA Polymerase II Transcription Initiation And Promoter Clearance,Formation of TC-NER Pre-Incision Complex,False,0.29850746268656714,20
RNA Polymerase II Transcription Pre-Initiation And Promoter Opening,Formation of TC-NER Pre-Incision Complex,False,0.29850746268656714,20
Triglyceride metabolism,Triglyceride metabolism,True,1.0,25
Depolymerization of the Nuclear Lamina,Depolymerization of the Nuclear Lamina,True,1.0,12
Defective HDR through Homologous Recombination Repair (HRR) due to PALB2 loss of BRCA1 binding function,Resolution of D-Loop Structures,False,0.75,21
Defective HDR through Homologous Recombination Repair (HRR) due to PALB2 loss of BRCA2/RAD51/RAD51C binding function,Resolution of D-Loop Structures,False,0.75,21
Defective homologous recombination repair (HRR) due to BRCA1 loss of function,Resolution of D-Loop Structures,False,0.75,21
Defective homologous recombination repair (HRR) due to PALB2 loss of function,Resolution of D-Loop Structures,False,0.75,21
Regulation of signaling by CBL,Role of LAT2/NTAL/LAB on calcium mobilization,False,0.25,6
Intra-Golgi traffic,Intra-Golgi traffic,True,1.0,36
Mitotic Anaphase,RHO GTPases Activate Formins,False,0.4427083333333333,85
Insulin receptor signalling cascade,IRS-mediated signalling,False,0.8461538461538461,22
M Phase,RHO GTPases Activate Formins,False,0.29225352112676056,83
"FOXO-mediated transcription of oxidative stress, metabolic and neuronal genes",FOXO-mediated transcription,False,0.35294117647058826,18
Diseases of mitotic cell cycle,Aberrant regulation of mitotic cell cycle due to RB1 defects,False,0.9375,30
Ephrin signaling,Ephrin signaling,True,1.0,19
O-glycosylation of TSR domain-containing proteins,Defective B3GALTL causes PpS,False,0.8125,26
Resolution of Abasic Sites (AP sites),Base Excision Repair,False,0.8461538461538461,33
Mitochondrial biogenesis,Heme signaling,False,0.25,21
Antigen processing-Cross presentation,Vif-mediated degradation of APOBEC3G,False,0.4520547945205479,33
TP53 Regulates Transcription of Genes Involved in G2 Cell Cycle Arrest,TP53 Regulates Transcription of Cell Cycle Genes,False,0.35135135135135137,13
ZBP1(DAI) mediated induction of type I IFNs,TRAF6 mediated NF-kB activation,False,0.35714285714285715,10
Cristae formation,Cristae formation,True,1.0,20
Transcriptional activity of SMAD2/SMAD3:SMAD4 heterotrimer,Signaling by TGF-beta Receptor Complex,False,0.4342105263157895,33
Biotin transport and metabolism,Biotin transport and metabolism,True,1.0,11
Phase 2 - plateau phase,Phase 2 - plateau phase,True,1.0,12
SUMOylation of ubiquitinylation proteins,NS1 Mediated Effects on Host Pathways,False,0.5869565217391305,27
MET activates PTK2 signaling,Developmental Lineage of Pancreatic Endocrine Mid Progenitor Cells,False,0.68,17
"Phosphorylation of CLOCK, acetylation of BMAL1 (ARNTL) at target gene promoters","Phosphorylation of CLOCK, acetylation of BMAL1 (ARNTL) at target gene promoters",True,1.0,10
Translesion synthesis by Y family DNA polymerases bypasses lesions on DNA template,Termination of translesion DNA synthesis,False,0.8,28
Transcription-Coupled Nucleotide Excision Repair (TC-NER),Formation of TC-NER Pre-Incision Complex,False,0.6666666666666666,46
RHOBTB GTPase Cycle,RHOBTB1 GTPase cycle,False,0.6666666666666666,22
MAPK targets/ Nuclear events mediated by MAP kinases,Toll Like Receptor 9 (TLR9) Cascade,False,0.27472527472527475,25
Folding of actin by CCT/TriC,BBSome-mediated cargo-targeting to cilium,False,0.2727272727272727,6
Activation of HOX genes during differentiation,Activation of HOX genes during differentiation,True,1.0,45
Activation of anterior HOX genes in hindbrain development during early embryogenesis,Activation of HOX genes during differentiation,False,1.0,45
p53-Dependent G1 DNA Damage Response,Vif-mediated degradation of APOBEC3G,False,0.6346153846153846,33
p53-Dependent G1/S DNA damage checkpoint,Vif-mediated degradation of APOBEC3G,False,0.6346153846153846,33
Negative regulators of DDX58/IFIH1 signaling,SARS-CoV-1 activates/modulates innate immune responses,False,0.2549019607843137,13
Signaling by Hippo,Signaling by Hippo,True,1.0,18
TGFBR3 expression,Regulation of PTEN mRNA translation,False,0.2916666666666667,7
Signalling to RAS,p38MAPK events,False,0.6666666666666666,12
ADP signalling through P2Y purinoceptor 12,Signal amplification,False,0.64,16
The CRY:PER:kinase complex represses transactivation by the BMAL:CLOCK (ARNTL:CLOCK) complex,"Phosphorylation of CLOCK, acetylation of BMAL1 (ARNTL) at target gene promoters",False,0.7692307692307693,10
Cytosolic iron-sulfur cluster assembly,Cytosolic iron-sulfur cluster assembly,True,1.0,9
FRS-mediated FGFR1 signaling,IRS-mediated signalling,False,0.36,9
mRNA Capping,Formation of TC-NER Pre-Incision Complex,False,0.37735849056603776,20
TCF dependent signaling in response to WNT,Signaling by WNT,False,0.6338797814207651,116
RNA Pol II CTD phosphorylation and interaction with CE,Formation of TC-NER Pre-Incision Complex,False,0.39215686274509803,20
RNA Pol II CTD phosphorylation and interaction with CE during HIV infection,Formation of TC-NER Pre-Incision Complex,False,0.39215686274509803,20
Interleukin-2 family signaling,Interleukin receptor SHC signaling,False,0.5555555555555556,15
Sodium/Calcium exchangers,Sodium/Calcium exchangers,True,1.0,9
NF-kB is activated and signals survival,p75NTR signals via NF-kB,False,0.75,9
Formation of Incision Complex in GG-NER,Formation of Incision Complex in GG-NER,True,1.0,36
M-decay: degradation of maternal mRNAs by maternally stored factors,Deadenylation-dependent mRNA decay,False,0.2727272727272727,18
Golgi Associated Vesicle Biogenesis,Golgi Associated Vesicle Biogenesis,True,1.0,39
Gastrulation,Vif-mediated degradation of APOBEC3G,False,0.3611111111111111,26
Dengue Virus Attachment and Entry,Dengue Virus Attachment and Entry,True,1.0,39
SCF(Skp2)-mediated degradation of p27/p21,Vif-mediated degradation of APOBEC3G,False,0.66,33
Differentiation of naive CD4+ T cells to T helper 2 cells (Th2 cells),NOTCH1 Intracellular Domain Regulates Transcription,False,0.2911392405063291,23
Endogenous sterols,Endogenous sterols,True,1.0,15
Maternal to zygotic transition (MZT),Maternal to zygotic transition (MZT),True,1.0,54
Interactions of Vpr with host cellular proteins,NS1 Mediated Effects on Host Pathways,False,0.627906976744186,27
FOXO-mediated transcription of cell cycle genes,FOXO-mediated transcription,False,0.2549019607843137,13
Sealing of the nuclear envelope (NE) by ESCRT-III,Gap junction trafficking and regulation,False,0.30303030303030304,10
Resolution of D-loop Structures through Synthesis-Dependent Strand Annealing (SDSA),Resolution of D-Loop Structures,False,0.7857142857142857,22
Ca2+ pathway,Ca2+ pathway,True,1.0,43
SUMOylation of transcription cofactors,SUMO E3 ligases SUMOylate target proteins,False,0.2805755395683453,39
Insertion of tail-anchored proteins into the endoplasmic reticulum membrane,Insertion of tail-anchored proteins into the endoplasmic reticulum membrane,True,1.0,16
MTOR signalling,MTOR signalling,True,1.0,41
Synthesis of bile acids and bile salts,Synthesis of bile acids and bile salts via 7alpha-hydroxycholesterol,False,0.43478260869565216,10
Mitotic G1 phase and G1/S transition,Vif-mediated degradation of APOBEC3G,False,0.26666666666666666,32
Thromboxane signalling through TP receptor,Signal amplification,False,0.68,17
Transcriptional regulation of granulopoiesis,Transcriptional regulation of granulopoiesis,True,1.0,20
PI-3K cascade:FGFR3,IRS-mediated signalling,False,0.391304347826087,9
Late SARS-CoV-2 Infection Events,Late SARS-CoV-2 Infection Events,True,1.0,59
HDACs deacetylate histones,HDACs deacetylate histones,True,1.0,27
Regulation of PTEN gene transcription,Regulation of PTEN gene transcription,True,1.0,54
Metabolism of vitamins and cofactors,Metabolism of vitamins and cofactors,True,1.0,141
Activation of STAT3 by cadherin engagement,Vif-mediated degradation of APOBEC3G,False,0.4925373134328358,33
Other interleukin signaling,Other interleukin signaling,True,1.0,17
HCMV Early Events,NS1 Mediated Effects on Host Pathways,False,0.3698630136986301,27
ERK/MAPK targets,ERK/MAPK targets,True,1.0,19
Hedgehog ligand biogenesis,Vif-mediated degradation of APOBEC3G,False,0.66,33
Interferon gamma signaling,Interferon Signaling,False,0.2637795275590551,67
Impaired BRCA2 binding to PALB2,Resolution of D-Loop Structures,False,0.7142857142857143,20
Lysine catabolism,Lysine catabolism,True,1.0,12
Other semaphorin interactions,Other semaphorin interactions,True,1.0,14
Maturation of nucleoprotein_9694631,Maturation of nucleoprotein_9694631,True,1.0,12
SLC transporter disorders,NS1 Mediated Effects on Host Pathways,False,0.3611111111111111,26
Signaling by FGFR2 IIIa TM,Signaling by FGFR,False,0.2923076923076923,19
Somitogenesis,Vif-mediated degradation of APOBEC3G,False,0.6590909090909091,29
Caspase activation via extrinsic apoptotic signalling pathway,Caspase activation via extrinsic apoptotic signalling pathway,True,1.0,19
mRNA decay by 5' to 3' exoribonuclease,Deadenylation-dependent mRNA decay,False,0.2708333333333333,13
PI Metabolism,Synthesis of PIPs at the plasma membrane,False,0.5492957746478874,39
Defects in cobalamin (B12) metabolism,Defects in cobalamin (B12) metabolism,True,1.0,9
TP53 Regulates Transcription of DNA Repair Genes,Formation of TC-NER Pre-Incision Complex,False,0.2625,21
Carnitine shuttle,Carnitine shuttle,True,1.0,10
Regulation of APC/C activators between G1/S and early anaphase,Vif-mediated degradation of APOBEC3G,False,0.5689655172413793,33
Transcriptional Regulation by NPAS4,Transcriptional Regulation by NPAS4,True,1.0,26
Coagulation pathway,Defective B3GALT6 causes EDSP2 and SEMDJL1,False,0.3333333333333333,11
Conversion from APC/C:Cdc20 to APC/C:Cdh1 in late anaphase,Aberrant regulation of mitotic cell cycle due to RB1 defects,False,0.375,12
Surfactant metabolism,Surfactant metabolism,True,1.0,8
SUMOylation of SUMOylation proteins,NS1 Mediated Effects on Host Pathways,False,0.627906976744186,27
Metabolism of non-coding RNA,NS1 Mediated Effects on Host Pathways,False,0.45,27
snRNP Assembly,NS1 Mediated Effects on Host Pathways,False,0.45,27
Downregulation of SMAD2/3:SMAD4 transcriptional activity,Downregulation of SMAD2/3:SMAD4 transcriptional activity,True,1.0,27
Activation of RAC1,Activation of RAC1,True,1.0,11
Interleukin-1 family signaling,Toll Like Receptor 9 (TLR9) Cascade,False,0.304635761589404,46
Activation of NF-kappaB in B cells,Vif-mediated degradation of APOBEC3G,False,0.6470588235294118,33
Gap junction assembly,Gap junction trafficking and regulation,False,0.48,12
Metalloprotease DUBs,Metalloprotease DUBs,True,1.0,16
Degradation of beta-catenin by the destruction complex,Vif-mediated degradation of APOBEC3G,False,0.5076923076923077,33
RMTs methylate histone arginines,RUNX1 interacts with co-factors whose precise effect on RUNX1 targets is not known,False,0.2619047619047619,11
Mitotic Prometaphase,RHO GTPases Activate Formins,False,0.4764705882352941,81
Downregulation of ERBB2:ERBB3 signaling,Downregulation of ERBB2:ERBB3 signaling,True,1.0,12
Transport of the SLBP Dependant Mature mRNA,NS1 Mediated Effects on Host Pathways,False,0.627906976744186,27
Cellular response to hypoxia,Vif-mediated degradation of APOBEC3G,False,0.6938775510204082,34
Resolution of AP sites via the multiple-nucleotide patch replacement pathway,Base Excision Repair,False,0.4634146341463415,19
CRMPs in Sema3A signaling,CRMPs in Sema3A signaling,True,1.0,16
RNA Polymerase I Promoter Escape,NoRC negatively regulates rRNA expression,False,0.4418604651162791,19
"Cell death signalling via NRAGE, NRIF and NADE",NRAGE signals death through JNK,False,0.7678571428571429,43
Nuclear Pore Complex (NPC) Disassembly,NS1 Mediated Effects on Host Pathways,False,0.6428571428571429,27
Chromosome Maintenance,Chromosome Maintenance,True,1.0,77
Interaction of NuRD complexes with transcription factors,Transcriptional regulation of brown and beige adipocyte differentiation,False,0.2894736842105263,11
Regulation of beta-cell development,Regulation of gene expression in late stage (branching morphogenesis) pancreatic bud precursor cells,False,0.6190476190476191,13
G1/S Transition,Vif-mediated degradation of APOBEC3G,False,0.3113207547169811,33
Transport of Ribonucleoproteins into the Host Nucleus,NS1 Mediated Effects on Host Pathways,False,0.7368421052631579,28
Keratan sulfate/keratin metabolism,Keratan sulfate/keratin metabolism,True,1.0,26
"Transport of vitamins, nucleosides, and related molecules","Transport of vitamins, nucleosides, and related molecules",True,1.0,22
Signaling by Retinoic Acid,Signaling by Retinoic Acid,True,1.0,31
"Inactivation, recovery and regulation of the phototransduction cascade","Inactivation, recovery and regulation of the phototransduction cascade",True,1.0,21
Disorders of Developmental Biology,Disorders of Developmental Biology,True,1.0,17
APC/C:Cdc20 mediated degradation of Cyclin B,Aberrant regulation of mitotic cell cycle due to RB1 defects,False,0.34285714285714286,12
NOTCH2 Activation and Transmission of Signal to the Nucleus,NRIF signals cell death from the nucleus,False,0.42857142857142855,9
Beta-catenin phosphorylation cascade,Beta-catenin phosphorylation cascade,True,1.0,13
Telomere Maintenance,Chromosome Maintenance,False,0.7142857142857143,55
Regulation of pyruvate metabolism,Regulation of pyruvate metabolism,True,1.0,31
rRNA modification in the mitochondrion,rRNA processing in the mitochondrion,False,0.7857142857142857,11
tRNA processing,tRNA modification in the nucleus and cytosol,False,0.3673469387755102,36
Formation of the Early Elongation Complex,Formation of TC-NER Pre-Incision Complex,False,0.37037037037037035,20
Formation of the HIV-1 Early Elongation Complex,Formation of TC-NER Pre-Incision Complex,False,0.37037037037037035,20
Extension of Telomeres,Chromosome Maintenance,False,0.5256410256410257,41
Co-inhibition by CTLA4,Platelet sensitization by LDL,False,0.34782608695652173,8
Olfactory Signaling Pathway,Olfactory Signaling Pathway,True,1.0,19
Regulation of FZD by ubiquitination,Regulation of FZD by ubiquitination,True,1.0,17
"PTK6 Regulates RHO GTPases, RAS GTPase and MAP kinases","PTK6 Regulates RHO GTPases, RAS GTPase and MAP kinases",True,1.0,13
Defective TPR may confer susceptibility towards thyroid papillary carcinoma (TPC),NS1 Mediated Effects on Host Pathways,False,0.675,27
Regulation of Glucokinase by Glucokinase Regulatory Protein,NS1 Mediated Effects on Host Pathways,False,0.675,27
RNA Polymerase III Abortive And Retractive Initiation,RNA Polymerase III Abortive And Retractive Initiation,True,1.0,33
RNA Polymerase III Transcription,RNA Polymerase III Abortive And Retractive Initiation,False,1.0,33
IRAK1 recruits IKK complex,Regulation of NF-kappa B signaling,False,0.36363636363636365,8
IRAK1 recruits IKK complex upon TLR7/8 or 9 stimulation,Regulation of NF-kappa B signaling,False,0.36363636363636365,8
Formation of the dystrophin-glycoprotein complex (DGC),Formation of the dystrophin-glycoprotein complex (DGC),True,1.0,29
DCC mediated attractive signaling,DCC mediated attractive signaling,True,1.0,12
Suppression of phagosomal maturation,Response of Mtb to phagocytosis,False,0.5,10
IP3 and IP4 transport between cytosol and nucleus,NS1 Mediated Effects on Host Pathways,False,0.7105263157894737,27
IP6 and IP7 transport between cytosol and nucleus,NS1 Mediated Effects on Host Pathways,False,0.7105263157894737,27
IPs transport between nucleus and cytosol,NS1 Mediated Effects on Host Pathways,False,0.7105263157894737,27
"TICAM1, RIP1-mediated IKK complex recruitment",Regulation of NF-kappa B signaling,False,0.3076923076923077,8
Calnexin/calreticulin cycle,N-glycan trimming in the ER and Calnexin/Calreticulin cycle,False,0.6875,22
STING mediated induction of host immune responses,STING mediated induction of host immune responses,True,1.0,12
Aggrephagy,Autophagy,False,0.2540983606557377,31
Peroxisomal protein import,Protein localization,False,0.33884297520661155,41
Phosphorylation and nuclear translocation of the CRY:PER:kinase complex,"Phosphorylation of CLOCK, acetylation of BMAL1 (ARNTL) at target gene promoters",False,0.2777777777777778,5
tRNA modification in the mitochondrion,tRNA modification in the mitochondrion,True,1.0,10
The phototransduction cascade,"Inactivation, recovery and regulation of the phototransduction cascade",False,0.9545454545454546,21
Abortive elongation of HIV-1 transcript in the absence of Tat,Abortive elongation of HIV-1 transcript in the absence of Tat,True,1.0,19
Transcription of E2F targets under negative control by DREAM complex,G0 and Early G1,False,0.6666666666666666,14
Mismatch repair (MMR) directed by MSH2:MSH3 (MutSbeta),Removal of the Flap Intermediate,False,0.35294117647058826,6
Transport of the SLBP independent Mature mRNA,NS1 Mediated Effects on Host Pathways,False,0.627906976744186,27
Formation of RNA Pol II elongation complex,Abortive elongation of HIV-1 transcript in the absence of Tat,False,0.36363636363636365,16
RNA Polymerase II Transcription Elongation,Abortive elongation of HIV-1 transcript in the absence of Tat,False,0.36363636363636365,16
TP53 Regulates Transcription of Genes Involved in Cytochrome C Release,TP53 Regulates Transcription of Cell Death Genes,False,0.42105263157894735,16
Inhibition of DNA recombination at telomere,Abortive elongation of HIV-1 transcript in the absence of Tat,False,0.46153846153846156,12
"Activation of IRF3, IRF7 mediated by TBK1, IKKε (IKBKE)",TICAM1-dependent activation of IRF3/IRF7,False,0.6470588235294118,11
Protein hydroxylation,"Gamma carboxylation, hypusinylation, hydroxylation, and arylsulfatase activation",False,0.36363636363636365,16
Deregulated CDK5 triggers multiple neurodegenerative pathways in Alzheimer's disease models,Defective Intrinsic Pathway for Apoptosis,False,0.85,17
Neurodegenerative Diseases,Defective Intrinsic Pathway for Apoptosis,False,0.85,17
RAS processing,RAS processing,True,1.0,19
Diseases of branched-chain amino acid catabolism,Diseases of branched-chain amino acid catabolism,True,1.0,12
HIV elongation arrest and recovery,Abortive elongation of HIV-1 transcript in the absence of Tat,False,0.4838709677419355,15
Pausing and recovery of HIV elongation,Abortive elongation of HIV-1 transcript in the absence of Tat,False,0.4838709677419355,15
Pausing and recovery of Tat-mediated HIV elongation,Abortive elongation of HIV-1 transcript in the absence of Tat,False,0.5,15
Tat-mediated HIV elongation arrest and recovery,Abortive elongation of HIV-1 transcript in the absence of Tat,False,0.5,15
Somatic hypermutation of immunoglobulin genes by error-prone base excision repair (BER),Termination of translesion DNA synthesis,False,0.37142857142857144,13
Signaling by cytosolic FGFR1 fusion mutants,Signaling by cytosolic FGFR1 fusion mutants,True,1.0,16
Signaling by WNT in cancer,Beta-catenin phosphorylation cascade,False,0.3793103448275862,11
